"Path","Platform","Compiled","Cooked","Permutations","Compiletime","CompiledDouble","CookedDouble"
"/ControlRig/Controls/ControlRigGizmoMaterial.ControlRigGizmoMaterial","0","0","4","1","0.000000","0","0"
"/Engine/EngineDebugMaterials/DebugEditorMaterial.DebugEditorMaterial","0","0","8","1","0.000000","0","0"
"/Engine/EditorMaterials/PhAT_NoCollisionMaterial.PhAT_NoCollisionMaterial","0","0","3","1","0.000000","0","0"
"/Engine/EditorMaterials/PhAT_UnselectedMaterial.PhAT_UnselectedMaterial","0","0","3","1","0.000000","0","0"
"/Engine/EngineMaterials/GizmoMaterial.GizmoMaterial","0","0","8","1","0.000000","0","0"
"/Engine/EngineMaterials/DefaultLightFunctionMaterial.DefaultLightFunctionMaterial","0","0","36","1","0.000000","0","0"
"/Engine/EditorMaterials/Camera/CineMat.CineMat","0","0","26","1","0.000000","0","0"
"/ControlRig/Controls/ControlRigXRayMaterial.ControlRigXRayMaterial","0","0","9","1","0.000000","0","0"
"/Engine/EditorLandscapeResources/SplineEditorMeshMat.SplineEditorMeshMat","0","0","14","1","0.000000","0","0"
"/Engine/EngineDebugMaterials/M_SimpleUnlitTranslucent.M_SimpleUnlitTranslucent","0","0","3","1","0.000000","0","0"
"/Engine/VREditor/TransformGizmo/Xray.Xray","0","0","14","1","0.000000","0","0"
"/Engine/VREditor/TransformGizmo/Main.Main","0","0","3","1","0.000000","0","0"
"/Engine/VREditor/TransformGizmo/TranslucentTransformGizmoMaterial.TranslucentTransformGizmoMaterial","0","0","3","1","0.000000","0","0"
"/MeshModelingToolset/Materials/M_DynamicMeshComponentVtxColor.M_DynamicMeshComponentVtxColor","0","0","20","1","0.000000","0","0"
"/Engine/EngineDebugMaterials/DebugMeshMaterial.DebugMeshMaterial","0","0","5","1","0.000000","0","0"
"/Engine/EngineMaterials/RemoveSurfaceMaterial.RemoveSurfaceMaterial","0","0","4","1","0.000000","0","0"
"/Engine/EngineMaterials/NaniteHiddenSectionMaterial.NaniteHiddenSectionMaterial","0","0","29","1","0.000000","0","0"
"/Engine/BasicShapes/BasicShapeMaterial.BasicShapeMaterial","0","0","67","1","0.000000","0","0"
"/Game/StarterContent/Materials/M_Basic_Wall.M_Basic_Wall","0","0","44","1","0.000000","0","0"
"/Game/StarterContent/Particles/Materials/m_flare_01.m_flare_01","0","0","12","1","0.000000","0","0"
"/Game/StarterContent/Materials/M_Glass.M_Glass","0","0","33","1","0.000000","0","0"
"/Game/StarterContent/Materials/M_Basic_Floor.M_Basic_Floor","0","0","23","1","0.000000","0","0"
"/Game/StarterContent/Materials/M_AssetPlatform.M_AssetPlatform","0","0","23","1","0.000000","0","0"
"/Game/StarterContent/Blueprints/Assets/M_LightStage_Arrows.M_LightStage_Arrows","0","0","4","1","0.000000","0","0"
"/Game/Realistic_Starter_VFX_Pack_Vol2/DemoRoom/Materials/M_DemoWall.M_DemoWall","0","0","59","1","0.000000","0","0"
"/Game/Realistic_Starter_VFX_Pack_Vol2/Materials/M_Mud.M_Mud","0","0","58","1","0.000000","0","0"
"/Game/Realistic_Starter_VFX_Pack_Vol2/Materials/M_Derbis.M_Derbis","0","0","26","1","0.000000","0","0"
"/Game/Realistic_Starter_VFX_Pack_Vol2/Materials/M_Basic_Shape.M_Basic_Shape","0","0","46","1","0.000000","0","0"
"/Game/Models/BlenderModelsReece/Material_006.Material_006","0","0","14","1","0.000000","0","0"
"/Game/Models/MechanicModels/Material_009.Material_009","0","0","14","1","0.000000","0","0"
"/Game/Models/MechanicModels/Materials/Darkerstone.Darkerstone","0","0","14","1","0.000000","0","0"
"/Game/Models/MechanicModels/Materials/Material_011.Material_011","0","0","23","1","0.000000","0","0"
"/Game/Models/MechanicModels/Materials/Material_010.Material_010","0","0","14","1","0.000000","0","0"
"/Game/Models/MechanicModels/Materials/2ndMatFolder/Material_009.Material_009","0","0","23","1","0.000000","0","0"
"/Game/Models/Sketchfab/AlarmClock/Mat?riau.Mat?riau","0","0","23","1","0.000000","0","0"
"/Game/Models/Sketchfab/AlarmClock/clear.clear","0","0","14","1","0.000000","0","0"
"/Game/Models/Sketchfab/AlarmClock/back.back","0","0","23","1","0.000000","0","0"
"/Game/Models/OutsourcedModels/Pottery_Bowl_Mat.Pottery_Bowl_Mat","0","0","14","1","0.000000","0","0"
"/Game/Models/OutsourcedModels/Helice.Helice","0","0","14","1","0.000000","0","0"
"/Game/Models/MechanicModels/Propellor/Material_004.Material_004","0","0","14","1","0.000000","0","0"
"/Game/Models/MechanicModels/Propellor/Material_003.Material_003","0","0","14","1","0.000000","0","0"
"/Game/Models/MechanicModels/Propellor/Material_002.Material_002","0","0","14","1","0.000000","0","0"
"/Game/Models/MechanicModels/Propellor/Material_001.Material_001","0","0","14","1","0.000000","0","0"
"/Game/Models/MechanicModels/Materials/2ndMatFolder/Material_012.Material_012","0","0","23","1","0.000000","0","0"
"/Game/Models/MechanicModels/Materials/2ndMatFolder/Material_011.Material_011","0","0","23","1","0.000000","0","0"
"/Game/Models/MechanicModels/Materials/2ndMatFolder/Material_010.Material_010","0","0","23","1","0.000000","0","0"
"/Game/Models/MechanicModels/Materials/2ndMatFolder/Material_008.Material_008","0","0","23","1","0.000000","0","0"
"/Game/Models/MechanicModels/Materials/2ndMatFolder/Material_007.Material_007","0","0","23","1","0.000000","0","0"
"/Game/Models/MechanicModels/Materials/2ndMatFolder/Material_006.Material_006","0","0","23","1","0.000000","0","0"
"/Game/Models/MechanicModels/Materials/2ndMatFolder/Material_005.Material_005","0","0","23","1","0.000000","0","0"
"/Game/Models/MechanicModels/Materials/2ndMatFolder/Material_004.Material_004","0","0","23","1","0.000000","0","0"
"/Game/Models/MechanicModels/Materials/2ndMatFolder/Material_003.Material_003","0","0","23","1","0.000000","0","0"
"/Game/Models/MechanicModels/Materials/2ndMatFolder/Material_002.Material_002","0","0","23","1","0.000000","0","0"
"/Game/Models/MechanicModels/Materials/2ndMatFolder/Material_001.Material_001","0","0","23","1","0.000000","0","0"
"/Game/Models/MechanicModels/Materials/Stone.Stone","0","0","14","1","0.000000","0","0"
"/Game/Models/MechanicModels/Materials/silver.silver","0","0","44","1","0.000000","0","0"
"/Game/Models/MechanicModels/Materials/Material_018.Material_018","0","0","14","1","0.000000","0","0"
"/Game/Models/MechanicModels/Materials/Material_016.Material_016","0","0","23","1","0.000000","0","0"
"/Game/Models/MechanicModels/Materials/Material_014.Material_014","0","0","14","1","0.000000","0","0"
"/Game/Models/MechanicModels/Materials/Material_012.Material_012","0","0","14","1","0.000000","0","0"
"/Game/Models/MechanicModels/Materials/Material_009.Material_009","0","0","14","1","0.000000","0","0"
"/Game/Models/MechanicModels/Materials/Material_008.Material_008","0","0","23","1","0.000000","0","0"
"/Game/Models/MechanicModels/Materials/Material_007.Material_007","0","0","14","1","0.000000","0","0"
"/Game/Models/MechanicModels/Materials/Material_006.Material_006","0","0","14","1","0.000000","0","0"
"/Game/Models/MechanicModels/Materials/Material_005.Material_005","0","0","23","1","0.000000","0","0"
"/Game/Models/MechanicModels/Materials/Material_004.Material_004","0","0","14","1","0.000000","0","0"
"/Game/Models/MechanicModels/Materials/Material_003.Material_003","0","0","23","1","0.000000","0","0"
"/Game/Models/MechanicModels/Materials/Material_002.Material_002","0","0","23","1","0.000000","0","0"
"/Game/Models/MechanicModels/Materials/Material_001.Material_001","0","0","14","1","0.000000","0","0"
"/Game/Models/MechanicModels/Materials/Material.Material","0","0","14","1","0.000000","0","0"
"/Game/Models/MechanicModels/Iron.Iron","0","0","14","1","0.000000","0","0"
"/Game/Models/MechanicModels/Materials/Grey.Grey","0","0","23","1","0.000000","0","0"
"/Game/Models/MechanicModels/Materials/Gold.Gold","0","0","23","1","0.000000","0","0"
"/Game/Models/MechanicModels/Materials/Darkred.Darkred","0","0","23","1","0.000000","0","0"
"/Game/Models/MechanicModels/Materials/Darkgold.Darkgold","0","0","23","1","0.000000","0","0"
"/Game/Models/MechanicModels/Materials/CellGlow.CellGlow","0","0","26","1","0.000000","0","0"
"/Game/Models/MechanicModels/Materials/Brown.Brown","0","0","23","1","0.000000","0","0"
"/Game/Models/MechanicModels/Aluminum.Aluminum","0","0","14","1","0.000000","0","0"
"/Game/Models/MechanicModels/GuideArrow/Material_003.Material_003","0","0","14","1","0.000000","0","0"
"/Game/Models/MechanicModels/GuideArrow/Material_002.Material_002","0","0","14","1","0.000000","0","0"
"/Game/Models/MechanicModels/Grapple/Material_006.Material_006","0","0","14","1","0.000000","0","0"
"/Game/Models/MechanicModels/Grapple/Material_005.Material_005","0","0","14","1","0.000000","0","0"
"/Game/Models/MechanicModels/Grapple/Material_004.Material_004","0","0","14","1","0.000000","0","0"
"/Game/Models/MechanicModels/Grapple/Material_003.Material_003","0","0","14","1","0.000000","0","0"
"/Game/Models/MechanicModels/Grapple/Material_002.Material_002","0","0","14","1","0.000000","0","0"
"/Game/Models/MechanicModels/Grapple/Material_001.Material_001","0","0","14","1","0.000000","0","0"
"/Game/Models/MechanicModels/Grapple/Material.Material","0","0","14","1","0.000000","0","0"
"/Game/Models/MechanicModels/CellCollector/Collector_woodedge.Collector_woodedge","0","0","14","1","0.000000","0","0"
"/Game/Models/MechanicModels/CellCollector/Collector_metal.Collector_metal","0","0","14","1","0.000000","0","0"
"/Game/Models/MechanicModels/CellCollector/Collector_Glass.Collector_Glass","0","0","14","1","0.000000","0","0"
"/Game/Models/MechanicModels/Material_008.Material_008","0","0","14","1","0.000000","0","0"
"/Game/Models/MechanicModels/Material_007.Material_007","0","0","14","1","0.000000","0","0"
"/Game/Models/MechanicModels/Material_006.Material_006","0","0","23","1","0.000000","0","0"
"/Game/Models/MechanicModels/Material_004.Material_004","0","0","23","1","0.000000","0","0"
"/Game/Models/MechanicModels/Material_003.Material_003","0","0","23","1","0.000000","0","0"
"/Game/Models/MechanicModels/Material_002.Material_002","0","0","23","1","0.000000","0","0"
"/Game/Models/MechanicModels/Material_001.Material_001","0","0","23","1","0.000000","0","0"
"/Game/Models/MechanicModels/Material.Material","0","0","14","1","0.000000","0","0"
"/Game/Models/BlenderModelsReece/Wood.Wood","0","0","23","1","0.000000","0","0"
"/Game/Models/BlenderModelsReece/Stone.Stone","0","0","14","1","0.000000","0","0"
"/Game/Models/BlenderModelsReece/Red.Red","0","0","14","1","0.000000","0","0"
"/Game/Models/BlenderModelsReece/OpaieGrey.OpaieGrey","0","0","18","1","0.000000","0","0"
"/Game/Models/BlenderModelsReece/MoreOpaqueGlow.MoreOpaqueGlow","0","0","14","1","0.000000","0","0"
"/Game/Models/BlenderModelsReece/MetalOrDarkerGlow.MetalOrDarkerGlow","0","0","14","1","0.000000","0","0"
"/Game/Models/BlenderModelsReece/Metal.Metal","0","0","14","1","0.000000","0","0"
"/Game/Models/BlenderModelsReece/Material_005.Material_005","0","0","14","1","0.000000","0","0"
"/Game/Models/BlenderModelsReece/Material_004.Material_004","0","0","14","1","0.000000","0","0"
"/Game/Models/BlenderModelsReece/Material_003.Material_003","0","0","14","1","0.000000","0","0"
"/Game/Models/BlenderModelsReece/Material_002.Material_002","0","0","14","1","0.000000","0","0"
"/Game/Models/BlenderModelsReece/Material_001.Material_001","0","0","23","1","0.000000","0","0"
"/Game/Models/BlenderModelsReece/Material.Material","0","0","44","1","0.000000","0","0"
"/Game/Models/BlenderModelsReece/Lighter_Glow.Lighter_Glow","0","0","14","1","0.000000","0","0"
"/Game/Models/BlenderModelsReece/Lid.Lid","0","0","14","1","0.000000","0","0"
"/Game/Models/BlenderModelsReece/Label.Label","0","0","14","1","0.000000","0","0"
"/Game/Models/BlenderModelsReece/Darker_Glow_Frame.Darker_Glow_Frame","0","0","14","1","0.000000","0","0"
"/Game/Models/BlenderModelsReece/Copper.Copper","0","0","14","1","0.000000","0","0"
"/Game/Models/BlenderModelsReece/Blue.Blue","0","0","23","1","0.000000","0","0"
"/Game/Models/Material.Material","0","0","46","1","0.000000","0","0"
"/Game/Models/Sketchfab/AlarmClock/shell.shell","0","0","23","1","0.000000","0","0"
"/Game/Models/Sketchfab/AlarmClock/plastic_button_1_001.plastic_button_1_001","0","0","23","1","0.000000","0","0"
"/Game/Models/Sketchfab/AlarmClock/plastic_button_1.plastic_button_1","0","0","23","1","0.000000","0","0"
"/Game/Megascans/Surfaces/Stucco_Wall_ukmobfecw/lambert1.lambert1","0","0","14","1","0.000000","0","0"
"/Game/Materials/M_Red.M_Red","0","0","23","1","0.000000","0","0"
"/Game/Materials/ThingMaterials/M_CellSpike.M_CellSpike","0","0","14","1","0.000000","0","0"
"/Game/Materials/Unlit.Unlit","0","0","36","1","0.000000","0","0"
"/Game/Materials/RandomMaterials/M_White.M_White","0","0","23","1","0.000000","0","0"
"/Game/Materials/RandomMaterials/M_redglow.M_redglow","0","0","26","1","0.000000","0","0"
"/Game/Materials/M_PinkGlow.M_PinkGlow","0","0","23","1","0.000000","0","0"
"/Game/Materials/M_Indicator.M_Indicator","0","0","22","1","0.000000","0","0"
"/Game/Materials/M_GreenGlow.M_GreenGlow","0","0","23","1","0.000000","0","0"
"/Game/Materials/Pickupables/Balloon/M_String.M_String","0","0","23","1","0.000000","0","0"
"/Game/Materials/Material.Material","0","0","14","1","0.000000","0","0"
"/Game/Materials/M_Brown.M_Brown","0","0","44","1","0.000000","0","0"
"/Game/Materials/M_Black.M_Black","0","0","23","1","0.000000","0","0"
"/Game/Materials/M_Beige.M_Beige","0","0","23","1","0.000000","0","0"
"/Game/Materials/Material_003.Material_003","0","0","14","1","0.000000","0","0"
"/Game/Materials/Material_002.Material_002","0","0","14","1","0.000000","0","0"
"/Game/Materials/Material_001.Material_001","0","0","14","1","0.000000","0","0"
"/Game/Materials/Brighterglow.Brighterglow","0","0","18","1","0.000000","0","0"
"/Game/Materials/Blueglow.Blueglow","0","0","18","1","0.000000","0","0"
"/Game/Materials/Blue.Blue","0","0","14","1","0.000000","0","0"
"/Game/Materials/Pickupables/Treads/M_TreadTrim2.M_TreadTrim2","0","0","23","1","0.000000","0","0"
"/Game/Materials/Pickupables/Treads/M_TreadTrim1.M_TreadTrim1","0","0","23","1","0.000000","0","0"
"/Game/Materials/Pickupables/Treads/M_TreadCylinders.M_TreadCylinders","0","0","23","1","0.000000","0","0"
"/Game/Materials/Pickupables/Thrusters/M_ThrusterThins.M_ThrusterThins","0","0","23","1","0.000000","0","0"
"/Game/Materials/Pickupables/Thrusters/M_ThrusterStrap.M_ThrusterStrap","0","0","23","1","0.000000","0","0"
"/Game/Materials/Pickupables/Propeller/M_PropellerRim.M_PropellerRim","0","0","23","1","0.000000","0","0"
"/Game/Materials/Pickupables/Magnet/MM_Magnet.MM_Magnet","0","0","23","1","0.000000","0","0"
"/Game/Materials/Pickupables/Grapple/M_GrappleTrim.M_GrappleTrim","0","0","23","1","0.000000","0","0"
"/Game/Materials/Pickupables/Grapple/M_GrappleCore.M_GrappleCore","0","0","23","1","0.000000","0","0"
"/Game/Materials/Pickupables/Grapple/Base/M_GrappleFace.M_GrappleFace","0","0","23","1","0.000000","0","0"
"/Game/Materials/M_Green.M_Green","0","0","23","1","0.000000","0","0"
"/Game/Materials/M_Gray.M_Gray","0","0","23","1","0.000000","0","0"
"/Game/Materials/RandomMaterials/M_Glass.M_Glass","0","0","70","1","0.000000","0","0"
"/Game/Materials/M_Fog.M_Fog","0","0","3","1","0.000000","0","0"
"/Game/Materials/M_DrkBlueGlow.M_DrkBlueGlow","0","0","23","1","0.000000","0","0"
"/Game/Materials/RandomMaterials/M_Cyan.M_Cyan","0","0","14","1","0.000000","0","0"
"/Game/LowPolyInterior/Materials/M_LowPolyInterior_Glass.M_LowPolyInterior_Glass","0","0","31","1","0.000000","0","31"
"/Game/LowPolyInterior/Materials/M_LowPolyInterior_Fire.M_LowPolyInterior_Fire","0","0","9","1","0.000000","0","9"
"/Game/Levels/LowPolyInterior/Materials/M_LowPolyInterior_BG.M_LowPolyInterior_BG","0","0","23","1","0.000000","0","0"
"/Game/Materials/Pickupables/M_LockedPickupable.M_LockedPickupable","0","0","24","1","0.000000","0","0"
"/Game/Materials/Pickupables/OutlineMaterials/MM_Outline.MM_Outline","0","0","36","1","0.000000","0","0"
"/Game/LowPolyInterior/Materials/M_LowPolyInterior_BG.M_LowPolyInterior_BG","0","0","14","1","0.000000","0","0"
"/Game/Levels/Levels/Kitchen/KitchenLevel/Storage.Storage","0","0","23","1","0.000000","0","0"
"/Game/Levels/Levels/Kitchen/KitchenLevel/Props.Props","0","0","14","1","0.000000","0","0"
"/Game/Levels/Levels/Kitchen/KitchenLevel/NewMaterial.NewMaterial","0","0","14","1","0.000000","0","0"
"/Game/Levels/Levels/BuildLevel/WorldGridMaterial.WorldGridMaterial","0","0","23","1","0.000000","0","0"
"/Game/Levels/Levels/BuildLevel/silver.silver","0","0","23","1","0.000000","0","0"
"/Game/Levels/Levels/BuildLevel/M_PropellerRim.M_PropellerRim","0","0","23","1","0.000000","0","0"
"/Game/Levels/Levels/BuildLevel/M_Propeller.M_Propeller","0","0","23","1","0.000000","0","0"
"/Game/Levels/Levels/BuildLevel/M_OuterCore.M_OuterCore","0","0","23","1","0.000000","0","0"
"/Game/Levels/Levels/BuildLevel/M_InnerCore_2.M_InnerCore_2","0","0","23","1","0.000000","0","0"
"/Game/Levels/Levels/BuildLevel/M_InnerCore_1.M_InnerCore_1","0","0","23","1","0.000000","0","0"
"/Game/Levels/Levels/BuildLevel/M_HovererOuter.M_HovererOuter","0","0","23","1","0.000000","0","0"
"/Game/Levels/Levels/BuildLevel/M_HovererInner.M_HovererInner","0","0","23","1","0.000000","0","0"
"/Game/Levels/Levels/BuildLevel/M_HoverCore.M_HoverCore","0","0","23","1","0.000000","0","0"
"/Game/Levels/Levels/BuildLevel/M_Cyan.M_Cyan","0","0","23","1","0.000000","0","0"
"/Game/Levels/Levels/BuildLevel/M_CoreCore.M_CoreCore","0","0","23","1","0.000000","0","0"
"/Game/Levels/Levels/BuildLevel/M_Basic_Wall.M_Basic_Wall","0","0","23","1","0.000000","0","0"
"/Game/Levels/Levels/BuildLevel/MI_Aluminum_se1xefec_2K.MI_Aluminum_se1xefec_2K","0","0","23","1","0.000000","0","0"
"/Game/Levels/Levels/BuildLevel/Material_010.Material_010","0","0","23","1","0.000000","0","0"
"/Game/Levels/Levels/BuildLevel/Material_009.Material_009","0","0","23","1","0.000000","0","0"
"/Game/Levels/Levels/BuildLevel/Material_008.Material_008","0","0","23","1","0.000000","0","0"
"/Game/Levels/Levels/BuildLevel/Material_007.Material_007","0","0","23","1","0.000000","0","0"
"/Game/Levels/Levels/BuildLevel/Material_006_ncl1_1.Material_006_ncl1_1","0","0","23","1","0.000000","0","0"
"/Game/Levels/Levels/BuildLevel/Material_006.Material_006","0","0","23","1","0.000000","0","0"
"/Game/Levels/Levels/BuildLevel/Material_005.Material_005","0","0","23","1","0.000000","0","0"
"/Game/Levels/Levels/BuildLevel/Material_004_ncl1_1.Material_004_ncl1_1","0","0","23","1","0.000000","0","0"
"/Game/Levels/Levels/BuildLevel/Material_004.Material_004","0","0","23","1","0.000000","0","0"
"/Game/Levels/Levels/BuildLevel/Material_003_ncl1_2.Material_003_ncl1_2","0","0","23","1","0.000000","0","0"
"/Game/Levels/Levels/BuildLevel/Material_003_ncl1_1.Material_003_ncl1_1","0","0","23","1","0.000000","0","0"
"/Game/Levels/Levels/BuildLevel/Material_003.Material_003","0","0","23","1","0.000000","0","0"
"/Game/Levels/Levels/BuildLevel/Material_002_ncl1_2.Material_002_ncl1_2","0","0","23","1","0.000000","0","0"
"/Game/Levels/Levels/BuildLevel/Material_002_ncl1_1.Material_002_ncl1_1","0","0","23","1","0.000000","0","0"
"/Game/Levels/Levels/BuildLevel/Material_002.Material_002","0","0","23","1","0.000000","0","0"
"/Game/Levels/Levels/BuildLevel/Material_001_ncl1_1.Material_001_ncl1_1","0","0","23","1","0.000000","0","0"
"/Game/Levels/Levels/BuildLevel/Material_012.Material_012","0","0","23","1","0.000000","0","0"
"/Game/Levels/Levels/BuildLevel/Material_011.Material_011","0","0","23","1","0.000000","0","0"
"/Game/Levels/Levels/Kitchen/KitchenLevel/Grey.Grey","0","0","23","1","0.000000","0","0"
"/Game/Levels/Levels/BuildLevel/Material_001.Material_001","0","0","23","1","0.000000","0","0"
"/Game/Levels/Levels/BuildLevel/Grey.Grey","0","0","23","1","0.000000","0","0"
"/Game/Levels/Levels/BuildLevel/Gold.Gold","0","0","23","1","0.000000","0","0"
"/Game/Levels/Levels/BuildLevel/Darkred.Darkred","0","0","23","1","0.000000","0","0"
"/Game/Levels/Levels/BuildLevel/Darkgold.Darkgold","0","0","23","1","0.000000","0","0"
"/Game/Levels/Levels/BuildLevel/Brown.Brown","0","0","23","1","0.000000","0","0"
"/Game/Levels/Levels/BuildLevel/Blue.Blue","0","0","23","1","0.000000","0","0"
"/Niagara/DefaultAssets/DefaultSpriteMaterial.DefaultSpriteMaterial","0","0","35","1","0.000000","0","0"
"/Engine/EngineSky/M_SimpleSkyDome.M_SimpleSkyDome","0","0","4","1","0.000000","0","0"
"/Engine/EngineDebugMaterials/WireframeMaterial.WireframeMaterial","0","0","389","1","0.000000","0","0"
"/Niagara/DefaultAssets/DefaultRIbbonMaterial.DefaultRibbonMaterial","0","0","25","1","0.000000","0","0"
"/Engine/EditorMeshes/ColorCalibrator/M_GreyBall.M_GreyBall","0","0","35","1","0.000000","0","0"
"/Engine/EditorMeshes/ColorCalibrator/M_ClearCoat.M_ClearCoat","0","0","23","1","0.000000","0","0"
"/Engine/EditorMeshes/ColorCalibrator/M_ChromeBall.M_ChromeBall","0","0","35","1","0.000000","0","0"
"/Engine/EditorMeshes/ColorCalibrator/M_ClearCoatBlack.M_ClearCoatBlack","0","0","23","1","0.000000","0","0"
"/Engine/TemplateResources/M_Template_Master.M_Template_Master","0","0","35","1","0.000000","0","0"
"/Engine/EngineDebugMaterials/M_VolumeRenderSphereTracePP.M_VolumeRenderSphereTracePP","0","0","4","1","0.000000","0","0"
"/ControlRig/M_Manip.M_Manip","0","0","9","1","0.000000","0","0"
"/Engine/EngineMaterials/FlattenMaterial_WS_Normal_VT.FlattenMaterial_WS_Normal_VT","0","0","35","1","0.000000","0","0"
"/Engine/EngineMaterials/FlattenMaterial_VT.FlattenMaterial_VT","0","0","35","1","0.000000","0","0"
"/Engine/EngineMaterials/FlattenMaterial.FlattenMaterial","0","0","70","2","0.000000","0","70"
"/Engine/EngineMaterials/M_InvalidLightmapSettings.M_InvalidLightmapSettings","0","0","28","1","0.000000","0","0"
"/Engine/EngineMaterials/EmissiveMeshMaterial.EmissiveMeshMaterial","0","0","5","1","0.000000","0","0"
"/Paper2D/DefaultSpriteMaterial.DefaultSpriteMaterial","0","0","50","2","0.000000","0","0"
"/Game/Materials/M_Wood.M_Wood","0","0","14","1","0.000000","0","0"
"/Engine/EngineMaterials/PhAT_JointLimitMaterial.PhAT_JointLimitMaterial","0","0","9","1","0.000000","0","0"
"/Engine/EngineMaterials/DefaultPostProcessMaterial.DefaultPostProcessMaterial","0","0","6","1","0.000000","0","0"
"/Engine/EngineMaterials/DefaultDeferredDecalMaterial.DefaultDeferredDecalMaterial","0","0","87","1","0.000000","0","0"
"/Engine/VREditor/TransformGizmo/TransformGizmoMaterial.TransformGizmoMaterial","0","0","4","1","0.000000","0","0"
"/Engine/EngineMaterials/Widget3DPassThrough.Widget3DPassThrough","0","0","58","6","0.000000","0","3"
"/Game/Realistic_Starter_VFX_Pack_Vol2/DemoRoom/Materials/DefaultTextMaterialTranslucentUnlit.DefaultTextMaterialTranslucentUnlit","0","0","20","1","0.000000","0","0"
"/Game/Workshop_LowPoly/Materials/M_MasterMaterial.M_MasterMaterial","0","0","67","2","0.000000","0","0"
"/Engine/EngineMaterials/DefaultMaterial.DefaultMaterial","0","0","127","1","0.000000","0","0"
"/Engine/EngineMaterials/WorldGridMaterial.WorldGridMaterial","0","0","677","1","0.000000","0","0"
"/Engine/EngineMaterials/DefaultTextMaterialOpaque.DefaultTextMaterialOpaque","0","0","31","1","0.000000","0","0"
"/Game/StarterContent/Materials/M_Rock_Marble_Polished.M_Rock_Marble_Polished","0","0","23","1","0.000000","0","0"
"/Game/StarterContent/Materials/M_Wood_Walnut.M_Wood_Walnut","0","0","23","1","0.000000","0","0"
"/Game/UI/Notes_from_boss_Mat.Notes_from_boss_Mat","0","0","23","1","0.000000","0","0"
"/Game/Materials/Pickupables/M_Ghost.M_Ghost","0","0","24","1","0.000000","0","0"
"/Game/Materials/Pickupables/Grapple/M_GrappleHook.M_GrappleHook","0","0","23","1","0.000000","0","0"
"/Game/StarterContent/Particles/Materials/M_Heat_Distortion.M_Heat_Distortion","0","0","21","1","0.000000","0","0"
"/Game/StarterContent/Props/Materials/M_TableRound.M_TableRound","0","0","23","1","0.000000","0","0"
"/Game/StarterContent/Props/Materials/M_StatueGlass.M_StatueGlass","0","0","33","1","0.000000","0","0"
"/Game/StarterContent/Props/Materials/M_Statue.M_Statue","0","0","23","1","0.000000","0","0"
"/Game/StarterContent/Particles/Materials/M_Spark.M_Spark","0","0","9","1","0.000000","0","0"
"/Game/StarterContent/Particles/Materials/M_smoke_subUV.M_smoke_subUV","0","0","54","1","0.000000","0","0"
"/Game/StarterContent/Props/Materials/M_Shelf.M_Shelf","0","0","23","1","0.000000","0","0"
"/Game/StarterContent/Materials/M_Wood_Floor_Walnut_Polished.M_Wood_Floor_Walnut_Polished","0","0","23","1","0.000000","0","0"
"/Game/StarterContent/Materials/M_Water_Lake.M_Water_Lake","0","0","23","1","0.000000","0","0"
"/Game/Materials/M_Metal.M_Metal","0","0","23","1","0.000000","0","0"
"/Game/StarterContent/Materials/M_Ground_Moss.M_Ground_Moss","0","0","23","1","0.000000","0","0"
"/Game/Materials/ThingMaterials/M_Thing.M_Thing","0","0","23","1","0.000000","0","0"
"/Game/StarterContent/Materials/M_Wood_Pine.M_Wood_Pine","0","0","23","1","0.000000","0","0"
"/Game/StarterContent/Materials/M_Wood_Oak.M_Wood_Oak","0","0","23","1","0.000000","0","0"
"/Game/StarterContent/Materials/M_Tech_Panel.M_Tech_Panel","0","0","23","1","0.000000","0","0"
"/Game/StarterContent/Materials/M_Tech_Hex_Tile_Pulse.M_Tech_Hex_Tile_Pulse","0","0","23","1","0.000000","0","0"
"/Game/StarterContent/Materials/M_Rock_Slate.M_Rock_Slate","0","0","23","1","0.000000","0","0"
"/Game/StarterContent/Materials/M_Rock_Sandstone.M_Rock_Sandstone","0","0","23","1","0.000000","0","0"
"/Game/StarterContent/Materials/M_Rock_Basalt.M_Rock_Basalt","0","0","23","1","0.000000","0","0"
"/Game/StarterContent/Materials/M_Metal_Steel.M_Metal_Steel","0","0","23","1","0.000000","0","0"
"/Game/StarterContent/Materials/M_Metal_Gold.M_Metal_Gold","0","0","23","1","0.000000","0","0"
"/Game/StarterContent/Materials/M_Metal_Copper.M_Metal_Copper","0","0","23","1","0.000000","0","0"
"/Game/StarterContent/Materials/M_Metal_Chrome.M_Metal_Chrome","0","0","23","1","0.000000","0","0"
"/Game/StarterContent/Materials/M_Metal_Burnished_Steel.M_Metal_Burnished_Steel","0","0","23","1","0.000000","0","0"
"/Game/StarterContent/Materials/M_Metal_Brushed_Nickel.M_Metal_Brushed_Nickel","0","0","23","1","0.000000","0","0"
"/Game/StarterContent/Props/Materials/M_Lamp.M_Lamp","0","0","23","1","0.000000","0","0"
"/Game/StarterContent/Materials/M_Ground_Gravel.M_Ground_Gravel","0","0","23","1","0.000000","0","0"
"/Game/StarterContent/Materials/M_Ground_Grass.M_Ground_Grass","0","0","23","1","0.000000","0","0"
"/Game/StarterContent/Props/Materials/M_Frame.M_Frame","0","0","23","1","0.000000","0","0"
"/Game/StarterContent/Particles/Materials/M_Fire_SubUV.M_Fire_SubUV","0","0","9","1","0.000000","0","0"
"/Game/StarterContent/Particles/Materials/M_explosion_subUV.M_explosion_subUV","0","0","9","1","0.000000","0","0"
"/Game/StarterContent/Particles/Materials/M_Dust_Particle.M_Dust_Particle","0","0","72","1","0.000000","0","0"
"/Game/StarterContent/Materials/M_CobbleStone_Pebble.M_CobbleStone_Pebble","0","0","23","1","0.000000","0","0"
"/Game/StarterContent/Materials/M_Tech_Checker_Dot.M_Tech_Checker_Dot","0","0","23","1","0.000000","0","0"
"/Game/StarterContent/Props/Materials/M_Chair.M_Chair","0","0","23","1","0.000000","0","0"
"/Game/StarterContent/Props/Materials/M_Door.M_Door","0","0","23","1","0.000000","0","0"
"/Game/StarterContent/Materials/M_Concrete_Tiles.M_Concrete_Tiles","0","0","23","1","0.000000","0","0"
"/Game/StarterContent/Materials/M_Concrete_Poured.M_Concrete_Poured","0","0","23","1","0.000000","0","0"
"/Game/StarterContent/Materials/M_Concrete_Panels.M_Concrete_Panels","0","0","23","1","0.000000","0","0"
"/Game/StarterContent/Materials/M_Concrete_Grime.M_Concrete_Grime","0","0","23","1","0.000000","0","0"
"/Game/StarterContent/Materials/M_CobbleStone_Smooth.M_CobbleStone_Smooth","0","0","23","1","0.000000","0","0"
"/Game/StarterContent/Materials/M_CobbleStone_Rough.M_CobbleStone_Rough","0","0","23","1","0.000000","0","0"
"/Game/StarterContent/Materials/M_TiledFloorCeramic.M_TiledFloorCeramic","0","0","23","1","0.000000","0","0"
"/Game/StarterContent/Materials/M_Ceramic_Tile_Checker1.M_Ceramic_Tile_Checker1","0","0","23","1","0.000000","0","0"
"/Game/StarterContent/Materials/M_Ceramic_Tile_Checker.M_Ceramic_Tile_Checker","0","0","23","1","0.000000","0","0"
"/Game/StarterContent/Props/Materials/M_Bush.M_Bush","0","0","44","1","0.000000","0","0"
"/Game/StarterContent/Particles/Materials/M_Burst.M_Burst","0","0","15","1","0.000000","0","0"
"/Game/StarterContent/Materials/M_Brick_Hewn_Stone.M_Brick_Hewn_Stone","0","0","23","1","0.000000","0","0"
"/Game/StarterContent/Materials/M_Brick_Cut_Stone.M_Brick_Cut_Stone","0","0","23","1","0.000000","0","0"
"/Game/StarterContent/Materials/M_Brick_Clay_Old.M_Brick_Clay_Old","0","0","23","1","0.000000","0","0"
"/Game/StarterContent/Materials/M_Brick_Clay_New.M_Brick_Clay_New","0","0","23","1","0.000000","0","0"
"/Game/StarterContent/Materials/M_Brick_Clay_Beveled.M_Brick_Clay_Beveled","0","0","23","1","0.000000","0","0"
"/Game/Realistic_Starter_VFX_Pack_Vol2/Materials/M_Heat_Distortion.M_Heat_Distortion","0","0","21","1","0.000000","0","0"
"/Game/SkyDome/studio_garden_4k_Mat.studio_garden_4k_Mat","0","0","8","1","0.000000","0","0"
"/Game/Realistic_Starter_VFX_Pack_Vol2/Materials/M_Bubble_B.M_Bubble_B","0","0","9","1","0.000000","0","0"
"/Game/Realistic_Starter_VFX_Pack_Vol2/Materials/M_Water_Splat.M_Water_Splat","0","0","9","1","0.000000","0","0"
"/Game/Realistic_Starter_VFX_Pack_Vol2/Materials/M_Slash.M_Slash","0","0","9","1","0.000000","0","0"
"/Game/Realistic_Starter_VFX_Pack_Vol2/Materials/M_Smoke_Ground_C.M_Smoke_Ground_C","0","0","54","1","0.000000","0","0"
"/Game/Realistic_Starter_VFX_Pack_Vol2/Materials/M_Splat_A.M_Splat_A","0","0","9","1","0.000000","0","0"
"/Game/Realistic_Starter_VFX_Pack_Vol2/Materials/M_Blood_C.M_Blood_C","0","0","25","1","0.000000","0","0"
"/Game/Realistic_Starter_VFX_Pack_Vol2/Materials/M_Glow_C.M_Glow_C","0","0","12","1","0.000000","0","0"
"/Game/Realistic_Starter_VFX_Pack_Vol2/Materials/M_Smoke_Wisp.M_Smoke_Wisp","0","0","54","1","0.000000","0","0"
"/Game/Realistic_Starter_VFX_Pack_Vol2/Materials/M_Smoke_Puff_A.M_Smoke_Puff_A","0","0","54","1","0.000000","0","0"
"/Game/Realistic_Starter_VFX_Pack_Vol2/Materials/M_Smoke_Ground.M_Smoke_Ground","0","0","54","1","0.000000","0","0"
"/Game/Realistic_Starter_VFX_Pack_Vol2/Materials/M_Smoke_Ground_B.M_Smoke_Ground_B","0","0","54","1","0.000000","0","0"
"/Game/Realistic_Starter_VFX_Pack_Vol2/Materials/M_Smoke_A.M_Smoke_A","0","0","72","1","0.000000","0","0"
"/Game/Realistic_Starter_VFX_Pack_Vol2/Materials/M_Smoke_C.M_Smoke_C","0","0","54","1","0.000000","0","0"
"/Game/Realistic_Starter_VFX_Pack_Vol2/Materials/M_Rock_B.M_Rock_B","0","0","90","1","0.000000","0","0"
"/Game/Realistic_Starter_VFX_Pack_Vol2/Materials/M_Paper.M_Paper","0","0","54","1","0.000000","0","0"
"/Game/Realistic_Starter_VFX_Pack_Vol2/Materials/M_WaterDrop_B.M_WaterDrop_B","0","0","69","1","0.000000","0","0"
"/Game/Realistic_Starter_VFX_Pack_Vol2/Materials/M_Wood.M_Wood","0","0","90","1","0.000000","0","0"
"/Game/Realistic_Starter_VFX_Pack_Vol2/Materials/M_Lightning_small.M_Lightning_small","0","0","9","1","0.000000","0","0"
"/Game/Realistic_Starter_VFX_Pack_Vol2/Materials/M_Impact_B.M_Impact_B","0","0","9","1","0.000000","0","0"
"/Game/Realistic_Starter_VFX_Pack_Vol2/Materials/M_Impact_C.M_Impact_C","0","0","9","1","0.000000","0","0"
"/Game/Realistic_Starter_VFX_Pack_Vol2/Materials/M_Glass.M_Glass","0","0","54","1","0.000000","0","0"
"/Game/Realistic_Starter_VFX_Pack_Vol2/Materials/M_Glow_D.M_Glow_D","0","0","9","1","0.000000","0","0"
"/Game/Realistic_Starter_VFX_Pack_Vol2/Materials/M_spark_C.M_Spark_C","0","0","9","1","0.000000","0","0"
"/Game/Realistic_Starter_VFX_Pack_Vol2/Materials/M_Spark_A.M_Spark_A","0","0","9","1","0.000000","0","0"
"/Game/Realistic_Starter_VFX_Pack_Vol2/Materials/M_Fire_B.M_Fire_B","0","0","9","1","0.000000","0","0"
"/Game/Realistic_Starter_VFX_Pack_Vol2/Materials/M_Fire_C.M_Fire_C","0","0","9","1","0.000000","0","0"
"/Game/Realistic_Starter_VFX_Pack_Vol2/Materials/M_Flies.M_Flies","0","0","54","1","0.000000","0","0"
"/Game/Realistic_Starter_VFX_Pack_Vol2/Materials/M_Explosion_E.M_Explosion_E","0","0","9","1","0.000000","0","0"
"/Game/Realistic_Starter_VFX_Pack_Vol2/Materials/M_Explosion_i.M_Explosion_I","0","0","72","1","0.000000","0","0"
"/Game/Realistic_Starter_VFX_Pack_Vol2/Materials/M_Explosion_G.M_Explosion_G","0","0","72","1","0.000000","0","0"
"/Game/Realistic_Starter_VFX_Pack_Vol2/Materials/M_Explosion_D.M_Explosion_D","0","0","72","1","0.000000","0","0"
"/Game/Realistic_Starter_VFX_Pack_Vol2/Materials/M_WaterDrop_A.M_WaterDrop_A","0","0","69","1","0.000000","0","0"
"/Game/Realistic_Starter_VFX_Pack_Vol2/Materials/M_Impact_A.M_Impact_A","0","0","9","1","0.000000","0","0"
"/Game/Realistic_Starter_VFX_Pack_Vol2/Materials/M_Dirt_B.M_Dirt_B","0","0","54","1","0.000000","0","0"
"/Game/Realistic_Starter_VFX_Pack_Vol2/Materials/M_Dandelion.M_Dandelion","0","0","9","1","0.000000","0","0"
"/Game/Realistic_Starter_VFX_Pack_Vol2/Materials/M_Butterfly.M_Butterfly","0","0","15","1","0.000000","0","0"
"/Game/Realistic_Starter_VFX_Pack_Vol2/Materials/M_Bubble_pop.M_Bubble_Pop","0","0","9","1","0.000000","0","0"
"/Game/Realistic_Starter_VFX_Pack_Vol2/Materials/M_WaterDrop.M_WaterDrop","0","0","69","1","0.000000","0","0"
"/Game/Models/Sketchfab/Backpack/Material.Material","0","0","23","1","0.000000","0","0"
"/Game/Models/Security_Camera_Texture1.Security_Camera_Texture1","0","0","14","1","0.000000","0","0"
"/Game/Materials/Pickupables/Thrusters/M_ThrusterFrames.M_ThrusterFrames","0","0","23","1","0.000000","0","0"
"/Game/Materials/Pickupables/Thrusters/M_ThrusterBase.M_ThrusterBase","0","0","23","1","0.000000","0","0"
"/Game/Materials/Pickupables/Thrusters/M_Thruster.M_Thruster","0","0","23","1","0.000000","0","0"
"/Game/Materials/Pickupables/Propeller/M_Propeller.M_Propeller","0","0","23","1","0.000000","0","0"
"/Game/Materials/Pickupables/Hover/M_HovererOuter.M_HovererOuter","0","0","23","1","0.000000","0","0"
"/Game/Materials/Pickupables/Hover/M_HovererInner.M_HovererInner","0","0","23","1","0.000000","0","0"
"/Game/Materials/Pickupables/Grapple/M_GrappleHook1.M_GrappleHook1","0","0","23","1","0.000000","0","0"
"/Game/Megascans/Surfaces/MaterialsMade/M_Carpet.M_Carpet","0","0","23","1","0.000000","0","0"
"/Game/Materials/Pickupables/Glider/M_Glider2.M_Glider2","0","0","44","1","0.000000","0","0"
"/Game/Materials/Pickupables/Glider/M_Glider1.M_Glider1","0","0","44","1","0.000000","0","0"
"/Game/Realistic_Starter_VFX_Pack_Vol2/Materials/M_Bubble.M_Bubble","0","0","9","1","0.000000","0","0"
"/Game/Models/Sketchfab/Speaker/source/speaker_04.speaker_04","0","0","23","1","0.000000","0","0"
"/Game/Realistic_Starter_VFX_Pack_Vol2/Materials/M_Explosion_B.M_Explosion_B","0","0","54","1","0.000000","0","0"
"/Game/LowPolyInterior/Materials/M_LowPolyInterior_Dust.M_LowPolyInterior_Dust","0","0","9","1","0.000000","0","9"
"/Game/Materials/Pickupables/Balloon/M_Balloon.M_Balloon","0","0","66","1","0.000000","0","0"
"/Game/Materials/Pickupables/M_Wheel.M_Wheel","0","0","44","1","0.000000","0","0"
"/Game/Materials/Pickupables/Core/M_OuterCore.M_OuterCore","0","0","44","1","0.000000","0","0"
"/Game/Materials/Pickupables/Core/M_InnerCore_2.M_InnerCore_2","0","0","44","1","0.000000","0","0"
"/Game/Materials/Pickupables/Core/M_InnerCore_1.M_InnerCore_1","0","0","44","1","0.000000","0","0"
"/Game/LowPolyInterior/Materials/M_LowPolyInterior_01.M_LowPolyInterior_01","0","0","44","1","0.000000","0","0"
"/Game/Levels/LowPolyInterior/Materials/M_LowPolyInterior_01.M_LowPolyInterior_01","0","0","23","1","0.000000","0","0"
"/Engine/EngineMaterials/PPM_DefaultCalibrationGrayscale.PPM_DefaultCalibrationGrayscale","0","0","4","1","0.000000","0","0"
"/Engine/EngineMaterials/PPM_DefaultCalibrationColor.PPM_DefaultCalibrationColor","0","0","4","1","0.000000","0","0"
"/Engine/EditorMaterials/PreviewShadowIndicatorMaterial.PreviewShadowIndicatorMaterial","0","0","36","1","0.000000","0","0"
"/Game/Materials/Pickupables/Treads/M_Treads.M_Treads","0","0","23","1","0.000000","0","0"
"/Game/StarterContent/Props/Materials/M_Rock.M_Rock","0","0","23","1","0.000000","0","0"
"/Game/StarterContent/Materials/M_Water_Ocean.M_Water_Ocean","0","0","23","1","0.000000","0","0"
"/Game/StarterContent/Particles/Materials/M_radial_ramp.M_radial_ramp","0","0","12","1","0.000000","0","0"
"/Game/StarterContent/Particles/Materials/M_Radial_Gradient.M_Radial_Gradient","0","0","12","1","0.000000","0","0"
"/Game/StarterContent/Materials/M_Wood_Floor_Walnut_Worn.M_Wood_Floor_Walnut_Worn","0","0","23","1","0.000000","0","0"
"/Game/StarterContent/Materials/M_ColorGrid_LowSpec.M_ColorGrid_LowSpec","0","0","23","1","0.000000","0","0"
"/Game/StarterContent/Blueprints/Assets/M_LightStage_Skybox_Master.M_LightStage_Skybox_Master","0","0","8","2","0.000000","0","0"
"/Game/Realistic_Starter_VFX_Pack_Vol2/Materials/M_Leaves_A.M_Leaves_A","0","0","85","1","0.000000","0","0"
"/Game/Realistic_Starter_VFX_Pack_Vol2/Materials/M_Distortion.M_Distortion","0","0","60","1","0.000000","0","0"
"/Bridge/MSPresets/M_MS_Imperfection_Material_VT/M_MS_Imperfection_Material_Var_VT.M_MS_Imperfection_Material_Var_VT","0","0","14","1","0.000000","0","0"
"/Bridge/MSPresets/M_MS_Imperfection_Material/M_MS_Imperfection_Material_Var.M_MS_Imperfection_Material_Var","0","0","14","1","0.000000","0","14"
"/Bridge/MSPresets/M_MS_Default_Material_VT/M_MS_Default_Material_VT.M_MS_Default_Material_VT","0","0","14","1","0.000000","0","0"
"/Bridge/MSPresets/M_MS_Default_Material/M_MS_Default_Material.M_MS_Default_Material","0","0","14","1","0.000000","0","0"
"/Game/Models/BlenderModelsReece/M_Plastic.M_Plastic","0","0","14","1","0.000000","0","0"
"/Game/Materials/Pickupables/Magnet/M_MagneticObj.M_MagneticObj","0","0","14","1","0.000000","0","0"
"/Game/Materials/Pickupables/Hover/M_HoverCore.M_HoverCore","0","0","44","1","0.000000","0","0"
"/Game/Materials/Pickupables/Core/M_CoreCore.M_CoreCore","0","0","44","1","0.000000","0","0"
"/Game/Materials/Pickupables/Grapple/Base/M_GrappleStrip.M_GrappleStrip","0","0","23","1","0.000000","0","0"
"/Game/Materials/Pickupables/Grapple/Base/M_GrappleBase.M_GrappleBase","0","0","23","1","0.000000","0","0"
"/Game/Levels/StoryMode/Materials/M_Master.M_Master","0","0","23","1","0.000000","0","0"
"/Game/Levels/StoryMode/Materials/M_Landscape.M_Landscape","0","0","174","5","0.000000","0","40"
"/Game/StarterContent/Materials/M_Tech_Hex_Tile.M_Tech_Hex_Tile","0","0","23","1","0.000000","0","0"
"/Game/StarterContent/Materials/M_Metal_Rust.M_Metal_Rust","0","0","23","1","0.000000","0","0"
"/Game/Realistic_Starter_VFX_Pack_Vol2/Materials/M_Fire_Splat.M_Fire_Splat","0","0","9","1","0.000000","0","0"
"/Game/Realistic_Starter_VFX_Pack_Vol2/Materials/M_Dirt_A.M_Dirt_A","0","0","54","1","0.000000","0","0"
"/Game/UI/Images/M_MMBkg.M_MMBkg","0","0","9","1","0.000000","0","0"
"/Engine/Engine_MI_Shaders/M_ES_Phong_Opaque_Master_01.M_ES_Phong_Opaque_Master_01","0","0","35","1","0.000000","0","0"
"/HDRIBackdrop/Materials/HDRI_Projection_Sky.HDRI_Projection_Sky","0","0","8","2","0.000000","0","0"
"/Engine/EngineSky/M_Sky_Panning_Clouds2.M_Sky_Panning_Clouds2","0","0","4","1","0.000000","0","0"
"/Engine/EngineMaterials/AntiAliasedTextMaterialTranslucent.AntiAliasedTextMaterialTranslucent","0","0","20","1","0.000000","0","0"
"/Engine/EngineDebugMaterials/BoneWeightMaterial.BoneWeightMaterial","0","0","35","1","0.000000","0","0"
"/Engine/EditorMeshes/ColorCalibrator/M_ColorGrid.M_ColorGrid","0","0","35","1","0.000000","0","0"
"/HDRIBackdrop/Materials/HDRI_Projection_Floor.HDRI_Projection_Floor","0","0","46","2","0.000000","0","0"
"/Game/Realistic_Starter_VFX_Pack_Vol2/Materials/M_Fish_A.M_Fish_A","0","0","112","1","0.000000","0","0"
"/Engine/VREditor/SnapGrid/SnapGridMaterial.SnapGridMaterial","0","0","10","1","0.000000","0","0"
"/Engine/EngineSky/VolumetricClouds/m_SimpleVolumetricCloud.m_SimpleVolumetricCloud","0","0","68","1","0.000000","0","0"
"/Game/UI/Videos/Bedrooom/M_BedroomVid.M_BedroomVid","0","0","9","1","0.000000","0","0"
"/Game/UI/Videos/Kitchen/M_KitchenVid.M_KitchenVid","0","0","9","1","0.000000","0","0"
"/Game/Materials/Pickupables/Core/M_InnerCore_3.M_InnerCore_3","0","0","44","1","0.000000","0","0"
"/Game/UI/Videos/Bathroom/M_BathroomVid.M_BathroomVid","0","0","9","1","0.000000","0","0"
"/Game/Materials/Pickupables/M_Connector.M_Connector","0","0","23","1","0.000000","0","0"
"/Bridge/MSPresets/M_MS_Imperfection_Material_VT/M_MS_Imperfection_Material_VT.M_MS_Imperfection_Material_VT","0","0","14","1","0.000000","0","0"
"/Game/Realistic_Starter_VFX_Pack_Vol2/Materials/M_Glow_A.M_Glow_A","0","0","9","1","0.000000","0","0"
"/Bridge/MSPresets/M_MS_Imperfection_Material/M_MS_Imperfection_Material.M_MS_Imperfection_Material","0","0","14","1","0.000000","0","0"
"/Game/Realistic_Starter_VFX_Pack_Vol2/Materials/M_Snow.M_Snow","0","0","9","1","0.000000","0","0"
"/Game/Realistic_Starter_VFX_Pack_Vol2/Materials/M_Glow_B.M_Glow_B","0","0","9","1","0.000000","0","0"
"/Bridge/MSPresets/M_MS_Foliage_Material/M_MS_Foliage_Material.M_MS_Foliage_Material","0","0","31","1","0.000000","0","0"
"/Bridge/MSPresets/M_MS_Billboard_Material/M_MS_Billboard_Material.M_MS_Billboard_Material","0","0","62","1","0.000000","0","0"
"/Bridge/MSPresets/M_MS_Default_Fuzz_Material_VT/M_MS_Default_Fuzz_Material_VT.M_MS_Default_Fuzz_Material_VT","0","0","14","1","0.000000","0","0"
"/Bridge/MSPresets/M_MS_Default_Fuzz_Material/M_MS_Default_Fuzz_Material.M_MS_Default_Fuzz_Material","0","0","14","1","0.000000","0","0"
"/Bridge/MSPresets/M_MS_Default_Transmission_Material_VT/M_MS_Default_Transmission_Material_VT.M_MS_Default_Transmission_Material_VT","0","0","14","1","0.000000","0","0"
"/Bridge/MSPresets/M_MS_Surface_Material_VT/M_MS_Surface_Material_VT.M_MS_Surface_Material_VT","0","0","14","1","0.000000","0","0"
"/Game/MSPresets/M_MS_Surface_Material/M_MS_Surface_Material.M_MS_Surface_Material","0","0","23","1","0.000000","0","0"
"/Bridge/MSPresets/M_MS_Default_Transmission_Material/M_MS_Default_Transmission_Material.M_MS_Default_Transmission_Material","0","0","14","1","0.000000","0","0"
"/Engine/EditorMaterials/Thumbnails/SkySphereMaterial.SkySphereMaterial","0","0","23","1","0.000000","0","0"
"/Bridge/MSPresets/M_MS_Glass_Material/M_MS_Glass_Material.M_MS_Glass_Material","0","0","62","2","0.000000","0","0"
"/Bridge/MSPresets/M_MS_SurfaceBlend_Material/M_MS_SurfaceBlend_Material.M_MS_SurfaceBlend_Material","0","0","14","1","0.000000","0","0"
"/Bridge/MSPresets/M_MS_ImperfectionDecal_Material_VT/M_MS_ImperfectionDecal_Material_VT.M_MS_ImperfectionDecal_Material_VT","0","0","21","1","0.000000","0","21"
"/Bridge/MSPresets/M_MS_ImperfectionDecal_Material/M_MS_ImperfectionDecal_Material.M_MS_ImperfectionDecal_Material","0","0","21","1","0.000000","0","21"
"/Bridge/MSPresets/M_MS_Decal_Material_VT/M_MS_Decal_Material_VT.M_MS_Decal_Material_VT","0","0","21","1","0.000000","0","21"
"/Bridge/MSPresets/M_MS_Decal_Material/M_MS_Decal_Material.M_MS_Decal_Material","0","0","21","1","0.000000","0","21"
"/Interchange/gltf/M_Unlit.M_Unlit","0","0","66","6","0.000000","0","0"
"/SpeedTreeImporter/SpeedTree9/SpeedTreeBillboardMaster.SpeedTreeBillboardMaster","0","0","62","1","0.000000","0","0"
"/SpeedTreeImporter/SpeedTree9/SpeedTreeMaster.SpeedTreeMaster","0","0","88","1","0.000000","0","0"
"/Interchange/gltf/M_SpecularGlossiness.M_SpecularGlossiness","0","0","140","6","0.000000","0","0"
"/Interchange/gltf/M_Transmission.M_Transmission","0","0","50","2","0.000000","0","0"
"/Interchange/gltf/M_ClearCoat.M_ClearCoat","0","0","140","6","0.000000","0","0"
"/Interchange/gltf/M_Sheen.M_Sheen","0","0","140","6","0.000000","0","0"
"/Interchange/gltf/M_Default.M_Default","0","0","140","6","0.000000","0","0"
"/ControlRig/Controls/ControlRigGizmoMaterial.ControlRigGizmoMaterial","49","0","4","1","0.000000","0","0"
"/Engine/EngineDebugMaterials/DebugEditorMaterial.DebugEditorMaterial","49","0","8","1","0.000000","0","0"
"/Engine/EditorMaterials/PhAT_NoCollisionMaterial.PhAT_NoCollisionMaterial","49","0","3","1","0.000000","0","0"
"/Engine/EditorMaterials/PhAT_UnselectedMaterial.PhAT_UnselectedMaterial","49","0","3","1","0.000000","0","0"
"/Engine/EngineMaterials/GizmoMaterial.GizmoMaterial","49","0","8","1","0.000000","0","0"
"/Engine/EngineMaterials/DefaultLightFunctionMaterial.DefaultLightFunctionMaterial","49","0","44","1","0.000000","0","0"
"/Engine/EditorMaterials/Camera/CineMat.CineMat","49","0","26","1","0.000000","0","0"
"/ControlRig/Controls/ControlRigXRayMaterial.ControlRigXRayMaterial","49","0","9","1","0.000000","0","0"
"/Engine/EditorLandscapeResources/SplineEditorMeshMat.SplineEditorMeshMat","49","0","16","1","0.000000","0","0"
"/Engine/EngineDebugMaterials/M_SimpleUnlitTranslucent.M_SimpleUnlitTranslucent","49","0","3","1","0.000000","0","0"
"/Engine/VREditor/TransformGizmo/Xray.Xray","49","0","14","1","0.000000","0","0"
"/Engine/VREditor/TransformGizmo/Main.Main","49","0","3","1","0.000000","0","0"
"/Engine/VREditor/TransformGizmo/TranslucentTransformGizmoMaterial.TranslucentTransformGizmoMaterial","49","0","3","1","0.000000","0","0"
"/MeshModelingToolset/Materials/M_DynamicMeshComponentVtxColor.M_DynamicMeshComponentVtxColor","49","0","20","1","0.000000","0","0"
"/Engine/EngineDebugMaterials/DebugMeshMaterial.DebugMeshMaterial","49","0","5","1","0.000000","0","0"
"/Engine/EngineMaterials/RemoveSurfaceMaterial.RemoveSurfaceMaterial","49","0","4","1","0.000000","0","0"
"/Engine/EngineMaterials/NaniteHiddenSectionMaterial.NaniteHiddenSectionMaterial","49","0","31","1","0.000000","0","0"
"/Engine/BasicShapes/BasicShapeMaterial.BasicShapeMaterial","49","0","82","1","0.000000","0","0"
"/Game/StarterContent/Materials/M_Basic_Wall.M_Basic_Wall","49","0","44","1","0.000000","0","0"
"/Game/StarterContent/Particles/Materials/m_flare_01.m_flare_01","49","0","12","1","0.000000","0","0"
"/Game/StarterContent/Materials/M_Glass.M_Glass","49","0","33","1","0.000000","0","0"
"/Game/StarterContent/Materials/M_Basic_Floor.M_Basic_Floor","49","0","23","1","0.000000","0","0"
"/Game/StarterContent/Materials/M_AssetPlatform.M_AssetPlatform","49","0","23","1","0.000000","0","0"
"/Game/StarterContent/Blueprints/Assets/M_LightStage_Arrows.M_LightStage_Arrows","49","0","4","1","0.000000","0","0"
"/Game/Realistic_Starter_VFX_Pack_Vol2/DemoRoom/Materials/M_DemoWall.M_DemoWall","49","0","59","1","0.000000","0","0"
"/Game/Realistic_Starter_VFX_Pack_Vol2/Materials/M_Mud.M_Mud","49","0","62","1","0.000000","0","0"
"/Game/Realistic_Starter_VFX_Pack_Vol2/Materials/M_Derbis.M_Derbis","49","0","26","1","0.000000","0","0"
"/Game/Realistic_Starter_VFX_Pack_Vol2/Materials/M_Basic_Shape.M_Basic_Shape","49","0","46","1","0.000000","0","0"
"/Game/Models/BlenderModelsReece/Material_006.Material_006","49","0","14","1","0.000000","0","0"
"/Game/Models/MechanicModels/Material_009.Material_009","49","0","14","1","0.000000","0","0"
"/Game/Models/MechanicModels/Materials/Darkerstone.Darkerstone","49","0","14","1","0.000000","0","0"
"/Game/Models/MechanicModels/Materials/Material_011.Material_011","49","0","23","1","0.000000","0","0"
"/Game/Models/MechanicModels/Materials/Material_010.Material_010","49","0","14","1","0.000000","0","0"
"/Game/Models/MechanicModels/Materials/2ndMatFolder/Material_009.Material_009","49","0","23","1","0.000000","0","0"
"/Game/Models/Sketchfab/AlarmClock/Mat?riau.Mat?riau","49","0","23","1","0.000000","0","0"
"/Game/Models/Sketchfab/AlarmClock/clear.clear","49","0","14","1","0.000000","0","0"
"/Game/Models/Sketchfab/AlarmClock/back.back","49","0","23","1","0.000000","0","0"
"/Game/Models/OutsourcedModels/Pottery_Bowl_Mat.Pottery_Bowl_Mat","49","0","14","1","0.000000","0","0"
"/Game/Models/OutsourcedModels/Helice.Helice","49","0","14","1","0.000000","0","0"
"/Game/Models/MechanicModels/Propellor/Material_004.Material_004","49","0","14","1","0.000000","0","0"
"/Game/Models/MechanicModels/Propellor/Material_003.Material_003","49","0","14","1","0.000000","0","0"
"/Game/Models/MechanicModels/Propellor/Material_002.Material_002","49","0","14","1","0.000000","0","0"
"/Game/Models/MechanicModels/Propellor/Material_001.Material_001","49","0","14","1","0.000000","0","0"
"/Game/Models/MechanicModels/Materials/2ndMatFolder/Material_012.Material_012","49","0","23","1","0.000000","0","0"
"/Game/Models/MechanicModels/Materials/2ndMatFolder/Material_011.Material_011","49","0","23","1","0.000000","0","0"
"/Game/Models/MechanicModels/Materials/2ndMatFolder/Material_010.Material_010","49","0","23","1","0.000000","0","0"
"/Game/Models/MechanicModels/Materials/2ndMatFolder/Material_008.Material_008","49","0","23","1","0.000000","0","0"
"/Game/Models/MechanicModels/Materials/2ndMatFolder/Material_007.Material_007","49","0","23","1","0.000000","0","0"
"/Game/Models/MechanicModels/Materials/2ndMatFolder/Material_006.Material_006","49","0","23","1","0.000000","0","0"
"/Game/Models/MechanicModels/Materials/2ndMatFolder/Material_005.Material_005","49","0","23","1","0.000000","0","0"
"/Game/Models/MechanicModels/Materials/2ndMatFolder/Material_004.Material_004","49","0","23","1","0.000000","0","0"
"/Game/Models/MechanicModels/Materials/2ndMatFolder/Material_003.Material_003","49","0","23","1","0.000000","0","0"
"/Game/Models/MechanicModels/Materials/2ndMatFolder/Material_002.Material_002","49","0","23","1","0.000000","0","0"
"/Game/Models/MechanicModels/Materials/2ndMatFolder/Material_001.Material_001","49","0","23","1","0.000000","0","0"
"/Game/Models/MechanicModels/Materials/Stone.Stone","49","0","14","1","0.000000","0","0"
"/Game/Models/MechanicModels/Materials/silver.silver","49","0","44","1","0.000000","0","0"
"/Game/Models/MechanicModels/Materials/Material_018.Material_018","49","0","14","1","0.000000","0","0"
"/Game/Models/MechanicModels/Materials/Material_016.Material_016","49","0","23","1","0.000000","0","0"
"/Game/Models/MechanicModels/Materials/Material_014.Material_014","49","0","14","1","0.000000","0","0"
"/Game/Models/MechanicModels/Materials/Material_012.Material_012","49","0","14","1","0.000000","0","0"
"/Game/Models/MechanicModels/Materials/Material_009.Material_009","49","0","14","1","0.000000","0","0"
"/Game/Models/MechanicModels/Materials/Material_008.Material_008","49","0","23","1","0.000000","0","0"
"/Game/Models/MechanicModels/Materials/Material_007.Material_007","49","0","14","1","0.000000","0","0"
"/Game/Models/MechanicModels/Materials/Material_006.Material_006","49","0","14","1","0.000000","0","0"
"/Game/Models/MechanicModels/Materials/Material_005.Material_005","49","0","23","1","0.000000","0","0"
"/Game/Models/MechanicModels/Materials/Material_004.Material_004","49","0","14","1","0.000000","0","0"
"/Game/Models/MechanicModels/Materials/Material_003.Material_003","49","0","23","1","0.000000","0","0"
"/Game/Models/MechanicModels/Materials/Material_002.Material_002","49","0","23","1","0.000000","0","0"
"/Game/Models/MechanicModels/Materials/Material_001.Material_001","49","0","14","1","0.000000","0","0"
"/Game/Models/MechanicModels/Materials/Material.Material","49","0","14","1","0.000000","0","0"
"/Game/Models/MechanicModels/Iron.Iron","49","0","14","1","0.000000","0","0"
"/Game/Models/MechanicModels/Materials/Grey.Grey","49","0","23","1","0.000000","0","0"
"/Game/Models/MechanicModels/Materials/Gold.Gold","49","0","23","1","0.000000","0","0"
"/Game/Models/MechanicModels/Materials/Darkred.Darkred","49","0","23","1","0.000000","0","0"
"/Game/Models/MechanicModels/Materials/Darkgold.Darkgold","49","0","23","1","0.000000","0","0"
"/Game/Models/MechanicModels/Materials/CellGlow.CellGlow","49","0","26","1","0.000000","0","0"
"/Game/Models/MechanicModels/Materials/Brown.Brown","49","0","23","1","0.000000","0","0"
"/Game/Models/MechanicModels/Aluminum.Aluminum","49","0","14","1","0.000000","0","0"
"/Game/Models/MechanicModels/GuideArrow/Material_003.Material_003","49","0","14","1","0.000000","0","0"
"/Game/Models/MechanicModels/GuideArrow/Material_002.Material_002","49","0","14","1","0.000000","0","0"
"/Game/Models/MechanicModels/Grapple/Material_006.Material_006","49","0","14","1","0.000000","0","0"
"/Game/Models/MechanicModels/Grapple/Material_005.Material_005","49","0","14","1","0.000000","0","0"
"/Game/Models/MechanicModels/Grapple/Material_004.Material_004","49","0","14","1","0.000000","0","0"
"/Game/Models/MechanicModels/Grapple/Material_003.Material_003","49","0","14","1","0.000000","0","0"
"/Game/Models/MechanicModels/Grapple/Material_002.Material_002","49","0","14","1","0.000000","0","0"
"/Game/Models/MechanicModels/Grapple/Material_001.Material_001","49","0","14","1","0.000000","0","0"
"/Game/Models/MechanicModels/Grapple/Material.Material","49","0","14","1","0.000000","0","0"
"/Game/Models/MechanicModels/CellCollector/Collector_woodedge.Collector_woodedge","49","0","14","1","0.000000","0","0"
"/Game/Models/MechanicModels/CellCollector/Collector_metal.Collector_metal","49","0","14","1","0.000000","0","0"
"/Game/Models/MechanicModels/CellCollector/Collector_Glass.Collector_Glass","49","0","14","1","0.000000","0","0"
"/Game/Models/MechanicModels/Material_008.Material_008","49","0","14","1","0.000000","0","0"
"/Game/Models/MechanicModels/Material_007.Material_007","49","0","14","1","0.000000","0","0"
"/Game/Models/MechanicModels/Material_006.Material_006","49","0","23","1","0.000000","0","0"
"/Game/Models/MechanicModels/Material_004.Material_004","49","0","23","1","0.000000","0","0"
"/Game/Models/MechanicModels/Material_003.Material_003","49","0","23","1","0.000000","0","0"
"/Game/Models/MechanicModels/Material_002.Material_002","49","0","23","1","0.000000","0","0"
"/Game/Models/MechanicModels/Material_001.Material_001","49","0","23","1","0.000000","0","0"
"/Game/Models/MechanicModels/Material.Material","49","0","14","1","0.000000","0","0"
"/Game/Models/BlenderModelsReece/Wood.Wood","49","0","23","1","0.000000","0","0"
"/Game/Models/BlenderModelsReece/Stone.Stone","49","0","14","1","0.000000","0","0"
"/Game/Models/BlenderModelsReece/Red.Red","49","0","14","1","0.000000","0","0"
"/Game/Models/BlenderModelsReece/OpaieGrey.OpaieGrey","49","0","18","1","0.000000","0","0"
"/Game/Models/BlenderModelsReece/MoreOpaqueGlow.MoreOpaqueGlow","49","0","14","1","0.000000","0","0"
"/Game/Models/BlenderModelsReece/MetalOrDarkerGlow.MetalOrDarkerGlow","49","0","14","1","0.000000","0","0"
"/Game/Models/BlenderModelsReece/Metal.Metal","49","0","14","1","0.000000","0","0"
"/Game/Models/BlenderModelsReece/Material_005.Material_005","49","0","14","1","0.000000","0","0"
"/Game/Models/BlenderModelsReece/Material_004.Material_004","49","0","14","1","0.000000","0","0"
"/Game/Models/BlenderModelsReece/Material_003.Material_003","49","0","14","1","0.000000","0","0"
"/Game/Models/BlenderModelsReece/Material_002.Material_002","49","0","14","1","0.000000","0","0"
"/Game/Models/BlenderModelsReece/Material_001.Material_001","49","0","23","1","0.000000","0","0"
"/Game/Models/BlenderModelsReece/Material.Material","49","0","44","1","0.000000","0","0"
"/Game/Models/BlenderModelsReece/Lighter_Glow.Lighter_Glow","49","0","14","1","0.000000","0","0"
"/Game/Models/BlenderModelsReece/Lid.Lid","49","0","14","1","0.000000","0","0"
"/Game/Models/BlenderModelsReece/Label.Label","49","0","14","1","0.000000","0","0"
"/Game/Models/BlenderModelsReece/Darker_Glow_Frame.Darker_Glow_Frame","49","0","14","1","0.000000","0","0"
"/Game/Models/BlenderModelsReece/Copper.Copper","49","0","14","1","0.000000","0","0"
"/Game/Models/BlenderModelsReece/Blue.Blue","49","0","23","1","0.000000","0","0"
"/Game/Models/Material.Material","49","0","46","1","0.000000","0","0"
"/Game/Models/Sketchfab/AlarmClock/shell.shell","49","0","23","1","0.000000","0","0"
"/Game/Models/Sketchfab/AlarmClock/plastic_button_1_001.plastic_button_1_001","49","0","38","1","0.000000","0","0"
"/Game/Models/Sketchfab/AlarmClock/plastic_button_1.plastic_button_1","49","0","38","1","0.000000","0","0"
"/Game/Megascans/Surfaces/Stucco_Wall_ukmobfecw/lambert1.lambert1","49","0","14","1","0.000000","0","0"
"/Game/Materials/M_Red.M_Red","49","0","23","1","0.000000","0","0"
"/Game/Materials/ThingMaterials/M_CellSpike.M_CellSpike","49","0","14","1","0.000000","0","0"
"/Game/Materials/Unlit.Unlit","49","0","44","1","0.000000","0","0"
"/Game/Materials/RandomMaterials/M_White.M_White","49","0","23","1","0.000000","0","0"
"/Game/Materials/RandomMaterials/M_redglow.M_redglow","49","0","26","1","0.000000","0","0"
"/Game/Materials/M_PinkGlow.M_PinkGlow","49","0","23","1","0.000000","0","0"
"/Game/Materials/M_Indicator.M_Indicator","49","0","22","1","0.000000","0","0"
"/Game/Materials/M_GreenGlow.M_GreenGlow","49","0","23","1","0.000000","0","0"
"/Game/Materials/Pickupables/Balloon/M_String.M_String","49","0","23","1","0.000000","0","0"
"/Game/Materials/Material.Material","49","0","14","1","0.000000","0","0"
"/Game/Materials/M_Brown.M_Brown","49","0","44","1","0.000000","0","0"
"/Game/Materials/M_Black.M_Black","49","0","38","1","0.000000","0","0"
"/Game/Materials/M_Beige.M_Beige","49","0","23","1","0.000000","0","0"
"/Game/Materials/Material_003.Material_003","49","0","14","1","0.000000","0","0"
"/Game/Materials/Material_002.Material_002","49","0","14","1","0.000000","0","0"
"/Game/Materials/Material_001.Material_001","49","0","14","1","0.000000","0","0"
"/Game/Materials/Brighterglow.Brighterglow","49","0","18","1","0.000000","0","0"
"/Game/Materials/Blueglow.Blueglow","49","0","18","1","0.000000","0","0"
"/Game/Materials/Blue.Blue","49","0","14","1","0.000000","0","0"
"/Game/Materials/Pickupables/Treads/M_TreadTrim2.M_TreadTrim2","49","0","23","1","0.000000","0","0"
"/Game/Materials/Pickupables/Treads/M_TreadTrim1.M_TreadTrim1","49","0","23","1","0.000000","0","0"
"/Game/Materials/Pickupables/Treads/M_TreadCylinders.M_TreadCylinders","49","0","23","1","0.000000","0","0"
"/Game/Materials/Pickupables/Thrusters/M_ThrusterThins.M_ThrusterThins","49","0","23","1","0.000000","0","0"
"/Game/Materials/Pickupables/Thrusters/M_ThrusterStrap.M_ThrusterStrap","49","0","23","1","0.000000","0","0"
"/Game/Materials/Pickupables/Propeller/M_PropellerRim.M_PropellerRim","49","0","23","1","0.000000","0","0"
"/Game/Materials/Pickupables/Magnet/MM_Magnet.MM_Magnet","49","0","23","1","0.000000","0","0"
"/Game/Materials/Pickupables/Grapple/M_GrappleTrim.M_GrappleTrim","49","0","23","1","0.000000","0","0"
"/Game/Materials/Pickupables/Grapple/M_GrappleCore.M_GrappleCore","49","0","23","1","0.000000","0","0"
"/Game/Materials/Pickupables/Grapple/Base/M_GrappleFace.M_GrappleFace","49","0","23","1","0.000000","0","0"
"/Game/Materials/M_Green.M_Green","49","0","23","1","0.000000","0","0"
"/Game/Materials/M_Gray.M_Gray","49","0","23","1","0.000000","0","0"
"/Game/Materials/RandomMaterials/M_Glass.M_Glass","49","0","70","1","0.000000","0","0"
"/Game/Materials/M_Fog.M_Fog","49","0","3","1","0.000000","0","0"
"/Game/Materials/M_DrkBlueGlow.M_DrkBlueGlow","49","0","23","1","0.000000","0","0"
"/Game/Materials/RandomMaterials/M_Cyan.M_Cyan","49","0","14","1","0.000000","0","0"
"/Game/LowPolyInterior/Materials/M_LowPolyInterior_Glass.M_LowPolyInterior_Glass","49","0","31","1","0.000000","0","31"
"/Game/LowPolyInterior/Materials/M_LowPolyInterior_Fire.M_LowPolyInterior_Fire","49","0","9","1","0.000000","0","9"
"/Game/Levels/LowPolyInterior/Materials/M_LowPolyInterior_BG.M_LowPolyInterior_BG","49","0","23","1","0.000000","0","0"
"/Game/Materials/Pickupables/M_LockedPickupable.M_LockedPickupable","49","0","24","1","0.000000","0","0"
"/Game/Materials/Pickupables/OutlineMaterials/MM_Outline.MM_Outline","49","0","40","1","0.000000","0","0"
"/Game/LowPolyInterior/Materials/M_LowPolyInterior_BG.M_LowPolyInterior_BG","49","0","14","1","0.000000","0","0"
"/Game/Levels/Levels/Kitchen/KitchenLevel/Storage.Storage","49","0","23","1","0.000000","0","0"
"/Game/Levels/Levels/Kitchen/KitchenLevel/Props.Props","49","0","14","1","0.000000","0","0"
"/Game/Levels/Levels/Kitchen/KitchenLevel/NewMaterial.NewMaterial","49","0","14","1","0.000000","0","0"
"/Game/Levels/Levels/BuildLevel/WorldGridMaterial.WorldGridMaterial","49","0","23","1","0.000000","0","0"
"/Game/Levels/Levels/BuildLevel/silver.silver","49","0","23","1","0.000000","0","0"
"/Game/Levels/Levels/BuildLevel/M_PropellerRim.M_PropellerRim","49","0","23","1","0.000000","0","0"
"/Game/Levels/Levels/BuildLevel/M_Propeller.M_Propeller","49","0","23","1","0.000000","0","0"
"/Game/Levels/Levels/BuildLevel/M_OuterCore.M_OuterCore","49","0","23","1","0.000000","0","0"
"/Game/Levels/Levels/BuildLevel/M_InnerCore_2.M_InnerCore_2","49","0","23","1","0.000000","0","0"
"/Game/Levels/Levels/BuildLevel/M_InnerCore_1.M_InnerCore_1","49","0","23","1","0.000000","0","0"
"/Game/Levels/Levels/BuildLevel/M_HovererOuter.M_HovererOuter","49","0","23","1","0.000000","0","0"
"/Game/Levels/Levels/BuildLevel/M_HovererInner.M_HovererInner","49","0","23","1","0.000000","0","0"
"/Game/Levels/Levels/BuildLevel/M_HoverCore.M_HoverCore","49","0","23","1","0.000000","0","0"
"/Game/Levels/Levels/BuildLevel/M_Cyan.M_Cyan","49","0","23","1","0.000000","0","0"
"/Game/Levels/Levels/BuildLevel/M_CoreCore.M_CoreCore","49","0","23","1","0.000000","0","0"
"/Game/Levels/Levels/BuildLevel/M_Basic_Wall.M_Basic_Wall","49","0","23","1","0.000000","0","0"
"/Game/Levels/Levels/BuildLevel/MI_Aluminum_se1xefec_2K.MI_Aluminum_se1xefec_2K","49","0","23","1","0.000000","0","0"
"/Game/Levels/Levels/BuildLevel/Material_010.Material_010","49","0","23","1","0.000000","0","0"
"/Game/Levels/Levels/BuildLevel/Material_009.Material_009","49","0","23","1","0.000000","0","0"
"/Game/Levels/Levels/BuildLevel/Material_008.Material_008","49","0","23","1","0.000000","0","0"
"/Game/Levels/Levels/BuildLevel/Material_007.Material_007","49","0","23","1","0.000000","0","0"
"/Game/Levels/Levels/BuildLevel/Material_006_ncl1_1.Material_006_ncl1_1","49","0","23","1","0.000000","0","0"
"/Game/Levels/Levels/BuildLevel/Material_006.Material_006","49","0","23","1","0.000000","0","0"
"/Game/Levels/Levels/BuildLevel/Material_005.Material_005","49","0","23","1","0.000000","0","0"
"/Game/Levels/Levels/BuildLevel/Material_004_ncl1_1.Material_004_ncl1_1","49","0","23","1","0.000000","0","0"
"/Game/Levels/Levels/BuildLevel/Material_004.Material_004","49","0","23","1","0.000000","0","0"
"/Game/Levels/Levels/BuildLevel/Material_003_ncl1_2.Material_003_ncl1_2","49","0","23","1","0.000000","0","0"
"/Game/Levels/Levels/BuildLevel/Material_003_ncl1_1.Material_003_ncl1_1","49","0","23","1","0.000000","0","0"
"/Game/Levels/Levels/BuildLevel/Material_003.Material_003","49","0","23","1","0.000000","0","0"
"/Game/Levels/Levels/BuildLevel/Material_002_ncl1_2.Material_002_ncl1_2","49","0","23","1","0.000000","0","0"
"/Game/Levels/Levels/BuildLevel/Material_002_ncl1_1.Material_002_ncl1_1","49","0","23","1","0.000000","0","0"
"/Game/Levels/Levels/BuildLevel/Material_002.Material_002","49","0","23","1","0.000000","0","0"
"/Game/Levels/Levels/BuildLevel/Material_001_ncl1_1.Material_001_ncl1_1","49","0","23","1","0.000000","0","0"
"/Game/Levels/Levels/BuildLevel/Material_012.Material_012","49","0","23","1","0.000000","0","0"
"/Game/Levels/Levels/BuildLevel/Material_011.Material_011","49","0","23","1","0.000000","0","0"
"/Game/Levels/Levels/Kitchen/KitchenLevel/Grey.Grey","49","0","23","1","0.000000","0","0"
"/Game/Levels/Levels/BuildLevel/Material_001.Material_001","49","0","23","1","0.000000","0","0"
"/Game/Levels/Levels/BuildLevel/Grey.Grey","49","0","23","1","0.000000","0","0"
"/Game/Levels/Levels/BuildLevel/Gold.Gold","49","0","23","1","0.000000","0","0"
"/Game/Levels/Levels/BuildLevel/Darkred.Darkred","49","0","23","1","0.000000","0","0"
"/Game/Levels/Levels/BuildLevel/Darkgold.Darkgold","49","0","23","1","0.000000","0","0"
"/Game/Levels/Levels/BuildLevel/Brown.Brown","49","0","23","1","0.000000","0","0"
"/Game/Levels/Levels/BuildLevel/Blue.Blue","49","0","23","1","0.000000","0","0"
"/Niagara/DefaultAssets/DefaultSpriteMaterial.DefaultSpriteMaterial","49","0","35","1","0.000000","0","0"
"/Engine/EngineSky/M_SimpleSkyDome.M_SimpleSkyDome","49","0","4","1","0.000000","0","0"
"/Engine/EngineDebugMaterials/WireframeMaterial.WireframeMaterial","49","0","446","1","0.000000","0","0"
"/Niagara/DefaultAssets/DefaultRIbbonMaterial.DefaultRibbonMaterial","49","0","25","1","0.000000","0","0"
"/Engine/EditorMeshes/ColorCalibrator/M_GreyBall.M_GreyBall","49","0","35","1","0.000000","0","0"
"/Engine/EditorMeshes/ColorCalibrator/M_ClearCoat.M_ClearCoat","49","0","23","1","0.000000","0","0"
"/Engine/EditorMeshes/ColorCalibrator/M_ChromeBall.M_ChromeBall","49","0","35","1","0.000000","0","0"
"/Engine/EditorMeshes/ColorCalibrator/M_ClearCoatBlack.M_ClearCoatBlack","49","0","23","1","0.000000","0","0"
"/Engine/TemplateResources/M_Template_Master.M_Template_Master","49","0","35","1","0.000000","0","0"
"/Engine/EngineDebugMaterials/M_VolumeRenderSphereTracePP.M_VolumeRenderSphereTracePP","49","0","4","1","0.000000","0","0"
"/ControlRig/M_Manip.M_Manip","49","0","9","1","0.000000","0","0"
"/Engine/EngineMaterials/FlattenMaterial_WS_Normal_VT.FlattenMaterial_WS_Normal_VT","49","0","50","1","0.000000","0","0"
"/Engine/EngineMaterials/FlattenMaterial_VT.FlattenMaterial_VT","49","0","50","1","0.000000","0","0"
"/Engine/EngineMaterials/FlattenMaterial.FlattenMaterial","49","0","100","2","0.000000","0","100"
"/Engine/EngineMaterials/M_InvalidLightmapSettings.M_InvalidLightmapSettings","49","0","28","1","0.000000","0","0"
"/Engine/EngineMaterials/EmissiveMeshMaterial.EmissiveMeshMaterial","49","0","5","1","0.000000","0","0"
"/Paper2D/DefaultSpriteMaterial.DefaultSpriteMaterial","49","0","54","2","0.000000","0","0"
"/Game/Materials/M_Wood.M_Wood","49","0","14","1","0.000000","0","0"
"/Engine/EngineMaterials/PhAT_JointLimitMaterial.PhAT_JointLimitMaterial","49","0","9","1","0.000000","0","0"
"/Engine/EngineMaterials/DefaultPostProcessMaterial.DefaultPostProcessMaterial","49","0","6","1","0.000000","0","0"
"/Engine/EngineMaterials/DefaultDeferredDecalMaterial.DefaultDeferredDecalMaterial","49","0","87","1","0.000000","0","0"
"/Engine/VREditor/TransformGizmo/TransformGizmoMaterial.TransformGizmoMaterial","49","0","4","1","0.000000","0","0"
"/Engine/EngineMaterials/Widget3DPassThrough.Widget3DPassThrough","49","0","62","6","0.000000","0","3"
"/Game/Realistic_Starter_VFX_Pack_Vol2/DemoRoom/Materials/DefaultTextMaterialTranslucentUnlit.DefaultTextMaterialTranslucentUnlit","49","0","20","1","0.000000","0","0"
"/Game/Workshop_LowPoly/Materials/M_MasterMaterial.M_MasterMaterial","49","0","69","2","0.000000","0","0"
"/Engine/EngineMaterials/DefaultMaterial.DefaultMaterial","49","0","127","1","0.000000","0","0"
"/Engine/EngineMaterials/WorldGridMaterial.WorldGridMaterial","49","0","838","1","0.000000","0","0"
"/Engine/EngineMaterials/DefaultTextMaterialOpaque.DefaultTextMaterialOpaque","49","0","33","1","0.000000","0","0"
"/Game/StarterContent/Materials/M_Rock_Marble_Polished.M_Rock_Marble_Polished","49","0","23","1","0.000000","0","0"
"/Game/StarterContent/Materials/M_Wood_Walnut.M_Wood_Walnut","49","0","23","1","0.000000","0","0"
"/Game/UI/Notes_from_boss_Mat.Notes_from_boss_Mat","49","0","23","1","0.000000","0","0"
"/Game/Materials/Pickupables/M_Ghost.M_Ghost","49","0","24","1","0.000000","0","0"
"/Game/Materials/Pickupables/Grapple/M_GrappleHook.M_GrappleHook","49","0","23","1","0.000000","0","0"
"/Game/StarterContent/Particles/Materials/M_Heat_Distortion.M_Heat_Distortion","49","0","21","1","0.000000","0","0"
"/Game/StarterContent/Props/Materials/M_TableRound.M_TableRound","49","0","23","1","0.000000","0","0"
"/Game/StarterContent/Props/Materials/M_StatueGlass.M_StatueGlass","49","0","33","1","0.000000","0","0"
"/Game/StarterContent/Props/Materials/M_Statue.M_Statue","49","0","23","1","0.000000","0","0"
"/Game/StarterContent/Particles/Materials/M_Spark.M_Spark","49","0","9","1","0.000000","0","0"
"/Game/StarterContent/Particles/Materials/M_smoke_subUV.M_smoke_subUV","49","0","54","1","0.000000","0","0"
"/Game/StarterContent/Props/Materials/M_Shelf.M_Shelf","49","0","23","1","0.000000","0","0"
"/Game/StarterContent/Materials/M_Wood_Floor_Walnut_Polished.M_Wood_Floor_Walnut_Polished","49","0","23","1","0.000000","0","0"
"/Game/StarterContent/Materials/M_Water_Lake.M_Water_Lake","49","0","23","1","0.000000","0","0"
"/Game/Materials/M_Metal.M_Metal","49","0","23","1","0.000000","0","0"
"/Game/StarterContent/Materials/M_Ground_Moss.M_Ground_Moss","49","0","23","1","0.000000","0","0"
"/Game/Materials/ThingMaterials/M_Thing.M_Thing","49","0","38","1","0.000000","0","0"
"/Game/StarterContent/Materials/M_Wood_Pine.M_Wood_Pine","49","0","23","1","0.000000","0","0"
"/Game/StarterContent/Materials/M_Wood_Oak.M_Wood_Oak","49","0","23","1","0.000000","0","0"
"/Game/StarterContent/Materials/M_Tech_Panel.M_Tech_Panel","49","0","23","1","0.000000","0","0"
"/Game/StarterContent/Materials/M_Tech_Hex_Tile_Pulse.M_Tech_Hex_Tile_Pulse","49","0","23","1","0.000000","0","0"
"/Game/StarterContent/Materials/M_Rock_Slate.M_Rock_Slate","49","0","23","1","0.000000","0","0"
"/Game/StarterContent/Materials/M_Rock_Sandstone.M_Rock_Sandstone","49","0","23","1","0.000000","0","0"
"/Game/StarterContent/Materials/M_Rock_Basalt.M_Rock_Basalt","49","0","23","1","0.000000","0","0"
"/Game/StarterContent/Materials/M_Metal_Steel.M_Metal_Steel","49","0","23","1","0.000000","0","0"
"/Game/StarterContent/Materials/M_Metal_Gold.M_Metal_Gold","49","0","23","1","0.000000","0","0"
"/Game/StarterContent/Materials/M_Metal_Copper.M_Metal_Copper","49","0","23","1","0.000000","0","0"
"/Game/StarterContent/Materials/M_Metal_Chrome.M_Metal_Chrome","49","0","23","1","0.000000","0","0"
"/Game/StarterContent/Materials/M_Metal_Burnished_Steel.M_Metal_Burnished_Steel","49","0","23","1","0.000000","0","0"
"/Game/StarterContent/Materials/M_Metal_Brushed_Nickel.M_Metal_Brushed_Nickel","49","0","23","1","0.000000","0","0"
"/Game/StarterContent/Props/Materials/M_Lamp.M_Lamp","49","0","23","1","0.000000","0","0"
"/Game/StarterContent/Materials/M_Ground_Gravel.M_Ground_Gravel","49","0","23","1","0.000000","0","0"
"/Game/StarterContent/Materials/M_Ground_Grass.M_Ground_Grass","49","0","23","1","0.000000","0","0"
"/Game/StarterContent/Props/Materials/M_Frame.M_Frame","49","0","23","1","0.000000","0","0"
"/Game/StarterContent/Particles/Materials/M_Fire_SubUV.M_Fire_SubUV","49","0","9","1","0.000000","0","0"
"/Game/StarterContent/Particles/Materials/M_explosion_subUV.M_explosion_subUV","49","0","9","1","0.000000","0","0"
"/Game/StarterContent/Particles/Materials/M_Dust_Particle.M_Dust_Particle","49","0","72","1","0.000000","0","0"
"/Game/StarterContent/Materials/M_CobbleStone_Pebble.M_CobbleStone_Pebble","49","0","23","1","0.000000","0","0"
"/Game/StarterContent/Materials/M_Tech_Checker_Dot.M_Tech_Checker_Dot","49","0","23","1","0.000000","0","0"
"/Game/StarterContent/Props/Materials/M_Chair.M_Chair","49","0","23","1","0.000000","0","0"
"/Game/StarterContent/Props/Materials/M_Door.M_Door","49","0","23","1","0.000000","0","0"
"/Game/StarterContent/Materials/M_Concrete_Tiles.M_Concrete_Tiles","49","0","23","1","0.000000","0","0"
"/Game/StarterContent/Materials/M_Concrete_Poured.M_Concrete_Poured","49","0","23","1","0.000000","0","0"
"/Game/StarterContent/Materials/M_Concrete_Panels.M_Concrete_Panels","49","0","23","1","0.000000","0","0"
"/Game/StarterContent/Materials/M_Concrete_Grime.M_Concrete_Grime","49","0","23","1","0.000000","0","0"
"/Game/StarterContent/Materials/M_CobbleStone_Smooth.M_CobbleStone_Smooth","49","0","23","1","0.000000","0","0"
"/Game/StarterContent/Materials/M_CobbleStone_Rough.M_CobbleStone_Rough","49","0","23","1","0.000000","0","0"
"/Game/StarterContent/Materials/M_TiledFloorCeramic.M_TiledFloorCeramic","49","0","23","1","0.000000","0","0"
"/Game/StarterContent/Materials/M_Ceramic_Tile_Checker1.M_Ceramic_Tile_Checker1","49","0","23","1","0.000000","0","0"
"/Game/StarterContent/Materials/M_Ceramic_Tile_Checker.M_Ceramic_Tile_Checker","49","0","23","1","0.000000","0","0"
"/Game/StarterContent/Props/Materials/M_Bush.M_Bush","49","0","46","1","0.000000","0","0"
"/Game/StarterContent/Particles/Materials/M_Burst.M_Burst","49","0","15","1","0.000000","0","0"
"/Game/StarterContent/Materials/M_Brick_Hewn_Stone.M_Brick_Hewn_Stone","49","0","23","1","0.000000","0","0"
"/Game/StarterContent/Materials/M_Brick_Cut_Stone.M_Brick_Cut_Stone","49","0","23","1","0.000000","0","0"
"/Game/StarterContent/Materials/M_Brick_Clay_Old.M_Brick_Clay_Old","49","0","23","1","0.000000","0","0"
"/Game/StarterContent/Materials/M_Brick_Clay_New.M_Brick_Clay_New","49","0","23","1","0.000000","0","0"
"/Game/StarterContent/Materials/M_Brick_Clay_Beveled.M_Brick_Clay_Beveled","49","0","23","1","0.000000","0","0"
"/Game/Realistic_Starter_VFX_Pack_Vol2/Materials/M_Heat_Distortion.M_Heat_Distortion","49","0","21","1","0.000000","0","0"
"/Game/SkyDome/studio_garden_4k_Mat.studio_garden_4k_Mat","49","0","8","1","0.000000","0","0"
"/Game/Realistic_Starter_VFX_Pack_Vol2/Materials/M_Bubble_B.M_Bubble_B","49","0","9","1","0.000000","0","0"
"/Game/Realistic_Starter_VFX_Pack_Vol2/Materials/M_Water_Splat.M_Water_Splat","49","0","9","1","0.000000","0","0"
"/Game/Realistic_Starter_VFX_Pack_Vol2/Materials/M_Slash.M_Slash","49","0","9","1","0.000000","0","0"
"/Game/Realistic_Starter_VFX_Pack_Vol2/Materials/M_Smoke_Ground_C.M_Smoke_Ground_C","49","0","54","1","0.000000","0","0"
"/Game/Realistic_Starter_VFX_Pack_Vol2/Materials/M_Splat_A.M_Splat_A","49","0","9","1","0.000000","0","0"
"/Game/Realistic_Starter_VFX_Pack_Vol2/Materials/M_Blood_C.M_Blood_C","49","0","25","1","0.000000","0","0"
"/Game/Realistic_Starter_VFX_Pack_Vol2/Materials/M_Glow_C.M_Glow_C","49","0","12","1","0.000000","0","0"
"/Game/Realistic_Starter_VFX_Pack_Vol2/Materials/M_Smoke_Wisp.M_Smoke_Wisp","49","0","54","1","0.000000","0","0"
"/Game/Realistic_Starter_VFX_Pack_Vol2/Materials/M_Smoke_Puff_A.M_Smoke_Puff_A","49","0","54","1","0.000000","0","0"
"/Game/Realistic_Starter_VFX_Pack_Vol2/Materials/M_Smoke_Ground.M_Smoke_Ground","49","0","54","1","0.000000","0","0"
"/Game/Realistic_Starter_VFX_Pack_Vol2/Materials/M_Smoke_Ground_B.M_Smoke_Ground_B","49","0","54","1","0.000000","0","0"
"/Game/Realistic_Starter_VFX_Pack_Vol2/Materials/M_Smoke_A.M_Smoke_A","49","0","72","1","0.000000","0","0"
"/Game/Realistic_Starter_VFX_Pack_Vol2/Materials/M_Smoke_C.M_Smoke_C","49","0","54","1","0.000000","0","0"
"/Game/Realistic_Starter_VFX_Pack_Vol2/Materials/M_Rock_B.M_Rock_B","49","0","90","1","0.000000","0","0"
"/Game/Realistic_Starter_VFX_Pack_Vol2/Materials/M_Paper.M_Paper","49","0","54","1","0.000000","0","0"
"/Game/Realistic_Starter_VFX_Pack_Vol2/Materials/M_WaterDrop_B.M_WaterDrop_B","49","0","69","1","0.000000","0","0"
"/Game/Realistic_Starter_VFX_Pack_Vol2/Materials/M_Wood.M_Wood","49","0","90","1","0.000000","0","0"
"/Game/Realistic_Starter_VFX_Pack_Vol2/Materials/M_Lightning_small.M_Lightning_small","49","0","9","1","0.000000","0","0"
"/Game/Realistic_Starter_VFX_Pack_Vol2/Materials/M_Impact_B.M_Impact_B","49","0","9","1","0.000000","0","0"
"/Game/Realistic_Starter_VFX_Pack_Vol2/Materials/M_Impact_C.M_Impact_C","49","0","9","1","0.000000","0","0"
"/Game/Realistic_Starter_VFX_Pack_Vol2/Materials/M_Glass.M_Glass","49","0","54","1","0.000000","0","0"
"/Game/Realistic_Starter_VFX_Pack_Vol2/Materials/M_Glow_D.M_Glow_D","49","0","9","1","0.000000","0","0"
"/Game/Realistic_Starter_VFX_Pack_Vol2/Materials/M_spark_C.M_Spark_C","49","0","9","1","0.000000","0","0"
"/Game/Realistic_Starter_VFX_Pack_Vol2/Materials/M_Spark_A.M_Spark_A","49","0","9","1","0.000000","0","0"
"/Game/Realistic_Starter_VFX_Pack_Vol2/Materials/M_Fire_B.M_Fire_B","49","0","9","1","0.000000","0","0"
"/Game/Realistic_Starter_VFX_Pack_Vol2/Materials/M_Fire_C.M_Fire_C","49","0","9","1","0.000000","0","0"
"/Game/Realistic_Starter_VFX_Pack_Vol2/Materials/M_Flies.M_Flies","49","0","54","1","0.000000","0","0"
"/Game/Realistic_Starter_VFX_Pack_Vol2/Materials/M_Explosion_E.M_Explosion_E","49","0","9","1","0.000000","0","0"
"/Game/Realistic_Starter_VFX_Pack_Vol2/Materials/M_Explosion_i.M_Explosion_I","49","0","72","1","0.000000","0","0"
"/Game/Realistic_Starter_VFX_Pack_Vol2/Materials/M_Explosion_G.M_Explosion_G","49","0","72","1","0.000000","0","0"
"/Game/Realistic_Starter_VFX_Pack_Vol2/Materials/M_Explosion_D.M_Explosion_D","49","0","72","1","0.000000","0","0"
"/Game/Realistic_Starter_VFX_Pack_Vol2/Materials/M_WaterDrop_A.M_WaterDrop_A","49","0","69","1","0.000000","0","0"
"/Game/Realistic_Starter_VFX_Pack_Vol2/Materials/M_Impact_A.M_Impact_A","49","0","9","1","0.000000","0","0"
"/Game/Realistic_Starter_VFX_Pack_Vol2/Materials/M_Dirt_B.M_Dirt_B","49","0","54","1","0.000000","0","0"
"/Game/Realistic_Starter_VFX_Pack_Vol2/Materials/M_Dandelion.M_Dandelion","49","0","9","1","0.000000","0","0"
"/Game/Realistic_Starter_VFX_Pack_Vol2/Materials/M_Butterfly.M_Butterfly","49","0","15","1","0.000000","0","0"
"/Game/Realistic_Starter_VFX_Pack_Vol2/Materials/M_Bubble_pop.M_Bubble_Pop","49","0","9","1","0.000000","0","0"
"/Game/Realistic_Starter_VFX_Pack_Vol2/Materials/M_WaterDrop.M_WaterDrop","49","0","69","1","0.000000","0","0"
"/Game/Models/Sketchfab/Backpack/Material.Material","49","0","23","1","0.000000","0","0"
"/Game/Models/Security_Camera_Texture1.Security_Camera_Texture1","49","0","14","1","0.000000","0","0"
"/Game/Materials/Pickupables/Thrusters/M_ThrusterFrames.M_ThrusterFrames","49","0","23","1","0.000000","0","0"
"/Game/Materials/Pickupables/Thrusters/M_ThrusterBase.M_ThrusterBase","49","0","23","1","0.000000","0","0"
"/Game/Materials/Pickupables/Thrusters/M_Thruster.M_Thruster","49","0","23","1","0.000000","0","0"
"/Game/Materials/Pickupables/Propeller/M_Propeller.M_Propeller","49","0","23","1","0.000000","0","0"
"/Game/Materials/Pickupables/Hover/M_HovererOuter.M_HovererOuter","49","0","23","1","0.000000","0","0"
"/Game/Materials/Pickupables/Hover/M_HovererInner.M_HovererInner","49","0","23","1","0.000000","0","0"
"/Game/Materials/Pickupables/Grapple/M_GrappleHook1.M_GrappleHook1","49","0","23","1","0.000000","0","0"
"/Game/Megascans/Surfaces/MaterialsMade/M_Carpet.M_Carpet","49","0","23","1","0.000000","0","0"
"/Game/Materials/Pickupables/Glider/M_Glider2.M_Glider2","49","0","46","1","0.000000","0","0"
"/Game/Materials/Pickupables/Glider/M_Glider1.M_Glider1","49","0","46","1","0.000000","0","0"
"/Game/Realistic_Starter_VFX_Pack_Vol2/Materials/M_Bubble.M_Bubble","49","0","9","1","0.000000","0","0"
"/Game/Models/Sketchfab/Speaker/source/speaker_04.speaker_04","49","0","23","1","0.000000","0","0"
"/Game/Realistic_Starter_VFX_Pack_Vol2/Materials/M_Explosion_B.M_Explosion_B","49","0","54","1","0.000000","0","0"
"/Game/LowPolyInterior/Materials/M_LowPolyInterior_Dust.M_LowPolyInterior_Dust","49","0","9","1","0.000000","0","9"
"/Game/Materials/Pickupables/Balloon/M_Balloon.M_Balloon","49","0","66","1","0.000000","0","0"
"/Game/Materials/Pickupables/M_Wheel.M_Wheel","49","0","44","1","0.000000","0","0"
"/Game/Materials/Pickupables/Core/M_OuterCore.M_OuterCore","49","0","44","1","0.000000","0","0"
"/Game/Materials/Pickupables/Core/M_InnerCore_2.M_InnerCore_2","49","0","44","1","0.000000","0","0"
"/Game/Materials/Pickupables/Core/M_InnerCore_1.M_InnerCore_1","49","0","44","1","0.000000","0","0"
"/Game/LowPolyInterior/Materials/M_LowPolyInterior_01.M_LowPolyInterior_01","49","0","59","1","0.000000","0","0"
"/Game/Levels/LowPolyInterior/Materials/M_LowPolyInterior_01.M_LowPolyInterior_01","49","0","23","1","0.000000","0","0"
"/Engine/EngineMaterials/PPM_DefaultCalibrationGrayscale.PPM_DefaultCalibrationGrayscale","49","0","4","1","0.000000","0","0"
"/Engine/EngineMaterials/PPM_DefaultCalibrationColor.PPM_DefaultCalibrationColor","49","0","4","1","0.000000","0","0"
"/Engine/EditorMaterials/PreviewShadowIndicatorMaterial.PreviewShadowIndicatorMaterial","49","0","44","1","0.000000","0","0"
"/Game/Materials/Pickupables/Treads/M_Treads.M_Treads","49","0","23","1","0.000000","0","0"
"/Game/StarterContent/Props/Materials/M_Rock.M_Rock","49","0","23","1","0.000000","0","0"
"/Game/StarterContent/Materials/M_Water_Ocean.M_Water_Ocean","49","0","23","1","0.000000","0","0"
"/Game/StarterContent/Particles/Materials/M_radial_ramp.M_radial_ramp","49","0","12","1","0.000000","0","0"
"/Game/StarterContent/Particles/Materials/M_Radial_Gradient.M_Radial_Gradient","49","0","12","1","0.000000","0","0"
"/Game/StarterContent/Materials/M_Wood_Floor_Walnut_Worn.M_Wood_Floor_Walnut_Worn","49","0","23","1","0.000000","0","0"
"/Game/StarterContent/Materials/M_ColorGrid_LowSpec.M_ColorGrid_LowSpec","49","0","23","1","0.000000","0","0"
"/Game/StarterContent/Blueprints/Assets/M_LightStage_Skybox_Master.M_LightStage_Skybox_Master","49","0","8","2","0.000000","0","0"
"/Game/Realistic_Starter_VFX_Pack_Vol2/Materials/M_Leaves_A.M_Leaves_A","49","0","91","1","0.000000","0","0"
"/Game/Realistic_Starter_VFX_Pack_Vol2/Materials/M_Distortion.M_Distortion","49","0","60","1","0.000000","0","0"
"/Bridge/MSPresets/M_MS_Imperfection_Material_VT/M_MS_Imperfection_Material_Var_VT.M_MS_Imperfection_Material_Var_VT","49","0","14","1","0.000000","0","0"
"/Bridge/MSPresets/M_MS_Imperfection_Material_Var/M_MS_Imperfection_Material_Var.M_MS_Imperfection_Material_Var","49","0","14","1","0.000000","0","14"
"/Bridge/MSPresets/M_MS_Default_Material_VT/M_MS_Default_Material_VT.M_MS_Default_Material_VT","49","0","14","1","0.000000","0","0"
"/Bridge/MSPresets/M_MS_Default_Material/M_MS_Default_Material.M_MS_Default_Material","49","0","14","1","0.000000","0","0"
"/Game/Models/BlenderModelsReece/M_Plastic.M_Plastic","49","0","14","1","0.000000","0","0"
"/Game/Materials/Pickupables/Magnet/M_MagneticObj.M_MagneticObj","49","0","14","1","0.000000","0","0"
"/Game/Materials/Pickupables/Hover/M_HoverCore.M_HoverCore","49","0","44","1","0.000000","0","0"
"/Game/Materials/Pickupables/Core/M_CoreCore.M_CoreCore","49","0","44","1","0.000000","0","0"
"/Game/Materials/Pickupables/Grapple/Base/M_GrappleStrip.M_GrappleStrip","49","0","23","1","0.000000","0","0"
"/Game/Materials/Pickupables/Grapple/Base/M_GrappleBase.M_GrappleBase","49","0","23","1","0.000000","0","0"
"/Game/Levels/StoryMode/Materials/M_Master.M_Master","49","0","23","1","0.000000","0","0"
"/Game/Levels/StoryMode/Materials/M_Landscape.M_Landscape","49","0","174","5","0.000000","0","40"
"/Game/StarterContent/Materials/M_Tech_Hex_Tile.M_Tech_Hex_Tile","49","0","23","1","0.000000","0","0"
"/Game/StarterContent/Materials/M_Metal_Rust.M_Metal_Rust","49","0","23","1","0.000000","0","0"
"/Game/Realistic_Starter_VFX_Pack_Vol2/Materials/M_Fire_Splat.M_Fire_Splat","49","0","9","1","0.000000","0","0"
"/Game/Realistic_Starter_VFX_Pack_Vol2/Materials/M_Dirt_A.M_Dirt_A","49","0","54","1","0.000000","0","0"
"/Game/UI/Images/M_MMBkg.M_MMBkg","49","0","9","1","0.000000","0","0"
"/Engine/Engine_MI_Shaders/M_ES_Phong_Opaque_Master_01.M_ES_Phong_Opaque_Master_01","49","0","35","1","0.000000","0","0"
"/HDRIBackdrop/Materials/HDRI_Projection_Sky.HDRI_Projection_Sky","49","0","8","2","0.000000","0","0"
"/Engine/EngineSky/M_Sky_Panning_Clouds2.M_Sky_Panning_Clouds2","49","0","4","1","0.000000","0","0"
"/Engine/EngineMaterials/AntiAliasedTextMaterialTranslucent.AntiAliasedTextMaterialTranslucent","49","0","20","1","0.000000","0","0"
"/Engine/EngineDebugMaterials/BoneWeightMaterial.BoneWeightMaterial","49","0","35","1","0.000000","0","0"
"/Engine/EditorMeshes/ColorCalibrator/M_ColorGrid.M_ColorGrid","49","0","35","1","0.000000","0","0"
"/HDRIBackdrop/Materials/HDRI_Projection_Floor.HDRI_Projection_Floor","49","0","46","2","0.000000","0","0"
"/Game/Realistic_Starter_VFX_Pack_Vol2/Materials/M_Fish_A.M_Fish_A","49","0","120","1","0.000000","0","0"
"/Engine/VREditor/SnapGrid/SnapGridMaterial.SnapGridMaterial","49","0","10","1","0.000000","0","0"
"/Engine/EngineSky/VolumetricClouds/m_SimpleVolumetricCloud.m_SimpleVolumetricCloud","49","0","68","1","0.000000","0","0"
"/Game/UI/Videos/Bedrooom/M_BedroomVid.M_BedroomVid","49","0","9","1","0.000000","0","0"
"/Game/UI/Videos/Kitchen/M_KitchenVid.M_KitchenVid","49","0","9","1","0.000000","0","0"
"/Game/Materials/Pickupables/Core/M_InnerCore_3.M_InnerCore_3","49","0","44","1","0.000000","0","0"
"/Game/UI/Videos/Bathroom/M_BathroomVid.M_BathroomVid","49","0","9","1","0.000000","0","0"
"/Game/Materials/Pickupables/M_Connector.M_Connector","49","0","23","1","0.000000","0","0"
"/Bridge/MSPresets/M_MS_Imperfection_Material_VT/M_MS_Imperfection_Material_VT.M_MS_Imperfection_Material_VT","49","0","14","1","0.000000","0","0"
"/Game/Realistic_Starter_VFX_Pack_Vol2/Materials/M_Glow_A.M_Glow_A","49","0","9","1","0.000000","0","0"
"/Bridge/MSPresets/M_MS_Imperfection_Material/M_MS_Imperfection_Material.M_MS_Imperfection_Material","49","0","14","1","0.000000","0","0"
"/Game/Realistic_Starter_VFX_Pack_Vol2/Materials/M_Snow.M_Snow","49","0","9","1","0.000000","0","0"
"/Game/Realistic_Starter_VFX_Pack_Vol2/Materials/M_Glow_B.M_Glow_B","49","0","9","1","0.000000","0","0"
"/Bridge/MSPresets/M_MS_Foliage_Material/M_MS_Foliage_Material.M_MS_Foliage_Material","49","0","33","1","0.000000","0","0"
"/Bridge/MSPresets/M_MS_Billboard_Material/M_MS_Billboard_Material.M_MS_Billboard_Material","49","0","66","1","0.000000","0","0"
"/Bridge/MSPresets/M_MS_Default_Fuzz_Material_VT/M_MS_Default_Fuzz_Material_VT.M_MS_Default_Fuzz_Material_VT","49","0","14","1","0.000000","0","0"
"/Bridge/MSPresets/M_MS_Default_Fuzz_Material/M_MS_Default_Fuzz_Material.M_MS_Default_Fuzz_Material","49","0","14","1","0.000000","0","0"
"/Bridge/MSPresets/M_MS_Default_Transmission_Material_VT/M_MS_Default_Transmission_Material_VT.M_MS_Default_Transmission_Material_VT","49","0","14","1","0.000000","0","0"
"/Bridge/MSPresets/M_MS_Surface_Material_VT/M_MS_Surface_Material_VT.M_MS_Surface_Material_VT","49","0","14","1","0.000000","0","0"
"/Game/MSPresets/M_MS_Surface_Material/M_MS_Surface_Material.M_MS_Surface_Material","49","0","23","1","0.000000","0","0"
"/Bridge/MSPresets/M_MS_Default_Transmission_Material/M_MS_Default_Transmission_Material.M_MS_Default_Transmission_Material","49","0","14","1","0.000000","0","0"
"/Engine/EditorMaterials/Thumbnails/SkySphereMaterial.SkySphereMaterial","49","0","23","1","0.000000","0","0"
"/Bridge/MSPresets/M_MS_Glass_Material/M_MS_Glass_Material.M_MS_Glass_Material","49","0","62","2","0.000000","0","0"
"/Bridge/MSPresets/M_MS_SurfaceBlend_Material/M_MS_SurfaceBlend_Material.M_MS_SurfaceBlend_Material","49","0","14","1","0.000000","0","0"
"/Bridge/MSPresets/M_MS_ImperfectionDecal_Material_VT/M_MS_ImperfectionDecal_Material_VT.M_MS_ImperfectionDecal_Material_VT","49","0","21","1","0.000000","0","21"
"/Bridge/MSPresets/M_MS_ImperfectionDecal_Material/M_MS_ImperfectionDecal_Material.M_MS_ImperfectionDecal_Material","49","0","21","1","0.000000","0","21"
"/Bridge/MSPresets/M_MS_Decal_Material_VT/M_MS_Decal_Material_VT.M_MS_Decal_Material_VT","49","0","21","1","0.000000","0","21"
"/Bridge/MSPresets/M_MS_Decal_Material/M_MS_Decal_Material.M_MS_Decal_Material","49","0","21","1","0.000000","0","21"
"/Interchange/gltf/M_Unlit.M_Unlit","49","0","70","6","0.000000","0","0"
"/SpeedTreeImporter/SpeedTree9/SpeedTreeBillboardMaster.SpeedTreeBillboardMaster","49","0","66","1","0.000000","0","0"
"/SpeedTreeImporter/SpeedTree9/SpeedTreeMaster.SpeedTreeMaster","49","0","92","1","0.000000","0","0"
"/Interchange/gltf/M_SpecularGlossiness.M_SpecularGlossiness","49","0","144","6","0.000000","0","0"
"/Interchange/gltf/M_Transmission.M_Transmission","49","0","50","2","0.000000","0","0"
"/Interchange/gltf/M_ClearCoat.M_ClearCoat","49","0","144","6","0.000000","0","0"
"/Interchange/gltf/M_Sheen.M_Sheen","49","0","144","6","0.000000","0","0"
"/Interchange/gltf/M_Default.M_Default","49","0","144","6","0.000000","0","0"
